big_region_code,big_region_name,small_region_code,small_region_name
1100000000,서울,1199000000,서울강북
1100000000,서울,1130500000,서울강북구
1100000000,서울,1121500000,서울광진구
1100000000,서울,1135000000,서울노원구
1100000000,서울,1132000000,서울도봉구
1100000000,서울,1123000000,서울동대문구
1100000000,서울,1144000000,서울마포구
1100000000,서울,1141000000,서울서대문구
1100000000,서울,1120000000,서울성동구
1100000000,서울,1129000000,서울성북구
1100000000,서울,1117000000,서울용산구
1100000000,서울,1138000000,서울은평구
1100000000,서울,1111000000,서울종로구
1100000000,서울,1114000000,서울중구
1100000000,서울,1126000000,서울중랑구
1100000000,서울,1198000000,서울강남
1100000000,서울,1168000000,서울강남구
1100000000,서울,1174000000,서울강동구
1100000000,서울,1150000000,서울강서구
1100000000,서울,1162000000,서울관악구
1100000000,서울,1153000000,서울구로구
1100000000,서울,1154500000,서울금천구
1100000000,서울,1159000000,서울동작구
1100000000,서울,1165000000,서울서초구
1100000000,서울,1171000000,서울송파구
1100000000,서울,1147000000,서울양천구
1100000000,서울,1156000000,서울영등포구
4100000000,경기,1199000000,서울강북
4100000000,경기,1130500000,서울강북구
4100000000,경기,1121500000,서울광진구
4100000000,경기,1135000000,서울노원구
4100000000,경기,1132000000,서울도봉구
4100000000,경기,1123000000,서울동대문구
4100000000,경기,1144000000,서울마포구
4100000000,경기,1141000000,서울서대문구
4100000000,경기,1120000000,서울성동구
4100000000,경기,1129000000,서울성북구
4100000000,경기,1117000000,서울용산구
4100000000,경기,1138000000,서울은평구
4100000000,경기,1111000000,서울종로구
4100000000,경기,1114000000,서울중구
4100000000,경기,1126000000,서울중랑구
4100000000,경기,1198000000,서울강남
4100000000,경기,1168000000,서울강남구
4100000000,경기,1174000000,서울강동구
4100000000,경기,1150000000,서울강서구
4100000000,경기,1162000000,서울관악구
4100000000,경기,1153000000,서울구로구
4100000000,경기,1154500000,서울금천구
4100000000,경기,1159000000,서울동작구
4100000000,경기,1165000000,서울서초구
4100000000,경기,1171000000,서울송파구
4100000000,경기,1147000000,서울양천구
4100000000,경기,1156000000,서울영등포구
4100000000,경기,4111000000,수원
4100000000,경기,4111100000,수원장안구
4100000000,경기,4111300000,수원권선구
4100000000,경기,4111500000,수원팔달구
4100000000,경기,4111700000,수원영통구
4100000000,경기,4113000000,성남
4100000000,경기,4113100000,성남수정구
4100000000,경기,4113300000,성남중원구
4100000000,경기,4113500000,성남분당구
4100000000,경기,4128000000,고양
4100000000,경기,4128100000,고양덕양구
4100000000,경기,4128500000,고양일산동구
4100000000,경기,4128700000,고양일산서구
4100000000,경기,4117000000,안양
4100000000,경기,4117100000,안양만안구
4100000000,경기,4117300000,안양동안구
4100000000,경기,4119000000,부천
4100000000,경기,4115000000,의정부
4100000000,경기,4121000000,광명
4100000000,경기,4122000000,평택
4100000000,경기,4127000000,안산
4100000000,경기,4127300000,안산단원구
4100000000,경기,4127100000,안산상록구
4100000000,경기,4129000000,과천
4100000000,경기,4131000000,구리
4100000000,경기,4136000000,남양주
4100000000,경기,4146000000,용인
4100000000,경기,4146100000,용인처인구
4100000000,경기,4146300000,용인기흥구
4100000000,경기,4146500000,용인수지구
4100000000,경기,4139000000,시흥
4100000000,경기,4141000000,군포
4100000000,경기,4143000000,의왕
4100000000,경기,4145000000,하남
4100000000,경기,4137000000,오산
4100000000,경기,4148000000,파주
4100000000,경기,4150000000,이천
4100000000,경기,4155000000,안성
4100000000,경기,4157000000,김포
4100000000,경기,4163000000,양주
4100000000,경기,4125000000,동두천
4100000000,경기,4161000000,광주
4100000000,경기,4159000000,화성
2800000000,인천,1199000000,서울강북
2800000000,인천,1130500000,서울강북구
2800000000,인천,1121500000,서울광진구
2800000000,인천,1135000000,서울노원구
2800000000,인천,1132000000,서울도봉구
2800000000,인천,1123000000,서울동대문구
2800000000,인천,1144000000,서울마포구
2800000000,인천,1141000000,서울서대문구
2800000000,인천,1120000000,서울성동구
2800000000,인천,1129000000,서울성북구
2800000000,인천,1117000000,서울용산구
2800000000,인천,1138000000,서울은평구
2800000000,인천,1111000000,서울종로구
2800000000,인천,1114000000,서울중구
2800000000,인천,1126000000,서울중랑구
2800000000,인천,1198000000,서울강남
2800000000,인천,1168000000,서울강남구
2800000000,인천,1174000000,서울강동구
2800000000,인천,1150000000,서울강서구
2800000000,인천,1162000000,서울관악구
2800000000,인천,1153000000,서울구로구
2800000000,인천,1154500000,서울금천구
2800000000,인천,1159000000,서울동작구
2800000000,인천,1165000000,서울서초구
2800000000,인천,1171000000,서울송파구
2800000000,인천,1147000000,서울양천구
2800000000,인천,1156000000,서울영등포구
2800000000,인천,4111000000,수원
2800000000,인천,4111100000,수원장안구
2800000000,인천,4111300000,수원권선구
2800000000,인천,4111500000,수원팔달구
2800000000,인천,4111700000,수원영통구
2800000000,인천,4113000000,성남
2800000000,인천,4113100000,성남수정구
2800000000,인천,4113300000,성남중원구
2800000000,인천,4113500000,성남분당구
2800000000,인천,4128000000,고양
2800000000,인천,4128100000,고양덕양구
2800000000,인천,4128500000,고양일산동구
2800000000,인천,4128700000,고양일산서구
2800000000,인천,4117000000,안양
2800000000,인천,4117100000,안양만안구
2800000000,인천,4117300000,안양동안구
2800000000,인천,4119000000,부천
2800000000,인천,4115000000,의정부
2800000000,인천,4121000000,광명
2800000000,인천,4122000000,평택
2800000000,인천,4127000000,안산
2800000000,인천,4127300000,안산단원구
2800000000,인천,4127100000,안산상록구
2800000000,인천,4129000000,과천
2800000000,인천,4131000000,구리
2800000000,인천,4136000000,남양주
2800000000,인천,4146000000,용인
2800000000,인천,4146100000,용인처인구
2800000000,인천,4146300000,용인기흥구
2800000000,인천,4146500000,용인수지구
2800000000,인천,4139000000,시흥
2800000000,인천,4141000000,군포
2800000000,인천,4143000000,의왕
2800000000,인천,4145000000,하남
2800000000,인천,4137000000,오산
2800000000,인천,4148000000,파주
2800000000,인천,4150000000,이천
2800000000,인천,4155000000,안성
2800000000,인천,4157000000,김포
2800000000,인천,4163000000,양주
2800000000,인천,4125000000,동두천
2800000000,인천,4161000000,광주
2800000000,인천,4159000000,화성
2800000000,인천,2811000000,인천중구
2800000000,인천,2814000000,인천동구
2800000000,인천,2817700000,인천미추홀구
2800000000,인천,2818500000,인천연수구
2800000000,인천,2820000000,인천남동구
2800000000,인천,2823700000,인천부평구
2800000000,인천,2824500000,인천계양구
2800000000,인천,2826000000,인천서구
9803000000,수도권,1199000000,서울강북
9803000000,수도권,1130500000,서울강북구
9803000000,수도권,1121500000,서울광진구
9803000000,수도권,1135000000,서울노원구
9803000000,수도권,1132000000,서울도봉구
9803000000,수도권,1123000000,서울동대문구
9803000000,수도권,1144000000,서울마포구
9803000000,수도권,1141000000,서울서대문구
9803000000,수도권,1120000000,서울성동구
9803000000,수도권,1129000000,서울성북구
9803000000,수도권,1117000000,서울용산구
9803000000,수도권,1138000000,서울은평구
9803000000,수도권,1111000000,서울종로구
9803000000,수도권,1114000000,서울중구
9803000000,수도권,1126000000,서울중랑구
9803000000,수도권,1198000000,서울강남
9803000000,수도권,1168000000,서울강남구
9803000000,수도권,1174000000,서울강동구
9803000000,수도권,1150000000,서울강서구
9803000000,수도권,1162000000,서울관악구
9803000000,수도권,1153000000,서울구로구
9803000000,수도권,1154500000,서울금천구
9803000000,수도권,1159000000,서울동작구
9803000000,수도권,1165000000,서울서초구
9803000000,수도권,1171000000,서울송파구
9803000000,수도권,1147000000,서울양천구
9803000000,수도권,1156000000,서울영등포구
9803000000,수도권,4111000000,수원
9803000000,수도권,4111100000,수원장안구
9803000000,수도권,4111300000,수원권선구
9803000000,수도권,4111500000,수원팔달구
9803000000,수도권,4111700000,수원영통구
9803000000,수도권,4113000000,성남
9803000000,수도권,4113100000,성남수정구
9803000000,수도권,4113300000,성남중원구
9803000000,수도권,4113500000,성남분당구
9803000000,수도권,4128000000,고양
9803000000,수도권,4128100000,고양덕양구
9803000000,수도권,4128500000,고양일산동구
9803000000,수도권,4128700000,고양일산서구
9803000000,수도권,4117000000,안양
9803000000,수도권,4117100000,안양만안구
9803000000,수도권,4117300000,안양동안구
9803000000,수도권,4119000000,부천
9803000000,수도권,4115000000,의정부
9803000000,수도권,4121000000,광명
9803000000,수도권,4122000000,평택
9803000000,수도권,4127000000,안산
9803000000,수도권,4127300000,안산단원구
9803000000,수도권,4127100000,안산상록구
9803000000,수도권,4129000000,과천
9803000000,수도권,4131000000,구리
9803000000,수도권,4136000000,남양주
9803000000,수도권,4146000000,용인
9803000000,수도권,4146100000,용인처인구
9803000000,수도권,4146300000,용인기흥구
9803000000,수도권,4146500000,용인수지구
9803000000,수도권,4139000000,시흥
9803000000,수도권,4141000000,군포
9803000000,수도권,4143000000,의왕
9803000000,수도권,4145000000,하남
9803000000,수도권,4137000000,오산
9803000000,수도권,4148000000,파주
9803000000,수도권,4150000000,이천
9803000000,수도권,4155000000,안성
9803000000,수도권,4157000000,김포
9803000000,수도권,4163000000,양주
9803000000,수도권,4125000000,동두천
9803000000,수도권,4161000000,광주
9803000000,수도권,4159000000,화성
9803000000,수도권,2811000000,인천중구
9803000000,수도권,2814000000,인천동구
9803000000,수도권,2817700000,인천미추홀구
9803000000,수도권,2818500000,인천연수구
9803000000,수도권,2820000000,인천남동구
9803000000,수도권,2823700000,인천부평구
9803000000,수도권,2824500000,인천계양구
9803000000,수도권,2826000000,인천서구
2600000000,부산,1199000000,서울강북
2600000000,부산,1130500000,서울강북구
2600000000,부산,1121500000,서울광진구
2600000000,부산,1135000000,서울노원구
2600000000,부산,1132000000,서울도봉구
2600000000,부산,1123000000,서울동대문구
2600000000,부산,1144000000,서울마포구
2600000000,부산,1141000000,서울서대문구
2600000000,부산,1120000000,서울성동구
2600000000,부산,1129000000,서울성북구
2600000000,부산,1117000000,서울용산구
2600000000,부산,1138000000,서울은평구
2600000000,부산,1111000000,서울종로구
2600000000,부산,1114000000,서울중구
2600000000,부산,1126000000,서울중랑구
2600000000,부산,1198000000,서울강남
2600000000,부산,1168000000,서울강남구
2600000000,부산,1174000000,서울강동구
2600000000,부산,1150000000,서울강서구
2600000000,부산,1162000000,서울관악구
2600000000,부산,1153000000,서울구로구
2600000000,부산,1154500000,서울금천구
2600000000,부산,1159000000,서울동작구
2600000000,부산,1165000000,서울서초구
2600000000,부산,1171000000,서울송파구
2600000000,부산,1147000000,서울양천구
2600000000,부산,1156000000,서울영등포구
2600000000,부산,4111000000,수원
2600000000,부산,4111100000,수원장안구
2600000000,부산,4111300000,수원권선구
2600000000,부산,4111500000,수원팔달구
2600000000,부산,4111700000,수원영통구
2600000000,부산,4113000000,성남
2600000000,부산,4113100000,성남수정구
2600000000,부산,4113300000,성남중원구
2600000000,부산,4113500000,성남분당구
2600000000,부산,4128000000,고양
2600000000,부산,4128100000,고양덕양구
2600000000,부산,4128500000,고양일산동구
2600000000,부산,4128700000,고양일산서구
2600000000,부산,4117000000,안양
2600000000,부산,4117100000,안양만안구
2600000000,부산,4117300000,안양동안구
2600000000,부산,4119000000,부천
2600000000,부산,4115000000,의정부
2600000000,부산,4121000000,광명
2600000000,부산,4122000000,평택
2600000000,부산,4127000000,안산
2600000000,부산,4127300000,안산단원구
2600000000,부산,4127100000,안산상록구
2600000000,부산,4129000000,과천
2600000000,부산,4131000000,구리
2600000000,부산,4136000000,남양주
2600000000,부산,4146000000,용인
2600000000,부산,4146100000,용인처인구
2600000000,부산,4146300000,용인기흥구
2600000000,부산,4146500000,용인수지구
2600000000,부산,4139000000,시흥
2600000000,부산,4141000000,군포
2600000000,부산,4143000000,의왕
2600000000,부산,4145000000,하남
2600000000,부산,4137000000,오산
2600000000,부산,4148000000,파주
2600000000,부산,4150000000,이천
2600000000,부산,4155000000,안성
2600000000,부산,4157000000,김포
2600000000,부산,4163000000,양주
2600000000,부산,4125000000,동두천
2600000000,부산,4161000000,광주
2600000000,부산,4159000000,화성
2600000000,부산,2811000000,인천중구
2600000000,부산,2814000000,인천동구
2600000000,부산,2817700000,인천미추홀구
2600000000,부산,2818500000,인천연수구
2600000000,부산,2820000000,인천남동구
2600000000,부산,2823700000,인천부평구
2600000000,부산,2824500000,인천계양구
2600000000,부산,2826000000,인천서구
2600000000,부산,2611000000,부산중구
2600000000,부산,2614000000,부산서구
2600000000,부산,2617000000,부산동구
2600000000,부산,2620000000,부산영도구
2600000000,부산,2623000000,부산부산진구
2600000000,부산,2626000000,부산동래구
2600000000,부산,2629000000,부산남구
2600000000,부산,2632000000,부산북구
2600000000,부산,2635000000,부산해운대구
2600000000,부산,2638000000,부산사하구
2600000000,부산,2641000000,부산금정구
2600000000,부산,2647000000,부산연제구
2600000000,부산,2650000000,부산수영구
2600000000,부산,2653000000,부산사상구
2600000000,부산,2671000000,부산기장군
2600000000,부산,2644000000,부산강서구
2700000000,대구,1199000000,서울강북
2700000000,대구,1130500000,서울강북구
2700000000,대구,1121500000,서울광진구
2700000000,대구,1135000000,서울노원구
2700000000,대구,1132000000,서울도봉구
2700000000,대구,1123000000,서울동대문구
2700000000,대구,1144000000,서울마포구
2700000000,대구,1141000000,서울서대문구
2700000000,대구,1120000000,서울성동구
2700000000,대구,1129000000,서울성북구
2700000000,대구,1117000000,서울용산구
2700000000,대구,1138000000,서울은평구
2700000000,대구,1111000000,서울종로구
2700000000,대구,1114000000,서울중구
2700000000,대구,1126000000,서울중랑구
2700000000,대구,1198000000,서울강남
2700000000,대구,1168000000,서울강남구
2700000000,대구,1174000000,서울강동구
2700000000,대구,1150000000,서울강서구
2700000000,대구,1162000000,서울관악구
2700000000,대구,1153000000,서울구로구
2700000000,대구,1154500000,서울금천구
2700000000,대구,1159000000,서울동작구
2700000000,대구,1165000000,서울서초구
2700000000,대구,1171000000,서울송파구
2700000000,대구,1147000000,서울양천구
2700000000,대구,1156000000,서울영등포구
2700000000,대구,4111000000,수원
2700000000,대구,4111100000,수원장안구
2700000000,대구,4111300000,수원권선구
2700000000,대구,4111500000,수원팔달구
2700000000,대구,4111700000,수원영통구
2700000000,대구,4113000000,성남
2700000000,대구,4113100000,성남수정구
2700000000,대구,4113300000,성남중원구
2700000000,대구,4113500000,성남분당구
2700000000,대구,4128000000,고양
2700000000,대구,4128100000,고양덕양구
2700000000,대구,4128500000,고양일산동구
2700000000,대구,4128700000,고양일산서구
2700000000,대구,4117000000,안양
2700000000,대구,4117100000,안양만안구
2700000000,대구,4117300000,안양동안구
2700000000,대구,4119000000,부천
2700000000,대구,4115000000,의정부
2700000000,대구,4121000000,광명
2700000000,대구,4122000000,평택
2700000000,대구,4127000000,안산
2700000000,대구,4127300000,안산단원구
2700000000,대구,4127100000,안산상록구
2700000000,대구,4129000000,과천
2700000000,대구,4131000000,구리
2700000000,대구,4136000000,남양주
2700000000,대구,4146000000,용인
2700000000,대구,4146100000,용인처인구
2700000000,대구,4146300000,용인기흥구
2700000000,대구,4146500000,용인수지구
2700000000,대구,4139000000,시흥
2700000000,대구,4141000000,군포
2700000000,대구,4143000000,의왕
2700000000,대구,4145000000,하남
2700000000,대구,4137000000,오산
2700000000,대구,4148000000,파주
2700000000,대구,4150000000,이천
2700000000,대구,4155000000,안성
2700000000,대구,4157000000,김포
2700000000,대구,4163000000,양주
2700000000,대구,4125000000,동두천
2700000000,대구,4161000000,광주
2700000000,대구,4159000000,화성
2700000000,대구,2811000000,인천중구
2700000000,대구,2814000000,인천동구
2700000000,대구,2817700000,인천미추홀구
2700000000,대구,2818500000,인천연수구
2700000000,대구,2820000000,인천남동구
2700000000,대구,2823700000,인천부평구
2700000000,대구,2824500000,인천계양구
2700000000,대구,2826000000,인천서구
2700000000,대구,2611000000,부산중구
2700000000,대구,2614000000,부산서구
2700000000,대구,2617000000,부산동구
2700000000,대구,2620000000,부산영도구
2700000000,대구,2623000000,부산부산진구
2700000000,대구,2626000000,부산동래구
2700000000,대구,2629000000,부산남구
2700000000,대구,2632000000,부산북구
2700000000,대구,2635000000,부산해운대구
2700000000,대구,2638000000,부산사하구
2700000000,대구,2641000000,부산금정구
2700000000,대구,2647000000,부산연제구
2700000000,대구,2650000000,부산수영구
2700000000,대구,2653000000,부산사상구
2700000000,대구,2671000000,부산기장군
2700000000,대구,2644000000,부산강서구
2700000000,대구,2711000000,대구중구
2700000000,대구,2714000000,대구동구
2700000000,대구,2717000000,대구서구
2700000000,대구,2720000000,대구남구
2700000000,대구,2723000000,대구북구
2700000000,대구,2726000000,대구수성구
2700000000,대구,2729000000,대구달서구
2700000000,대구,2771000000,대구달성군
2900000000,광주,1199000000,서울강북
2900000000,광주,1130500000,서울강북구
2900000000,광주,1121500000,서울광진구
2900000000,광주,1135000000,서울노원구
2900000000,광주,1132000000,서울도봉구
2900000000,광주,1123000000,서울동대문구
2900000000,광주,1144000000,서울마포구
2900000000,광주,1141000000,서울서대문구
2900000000,광주,1120000000,서울성동구
2900000000,광주,1129000000,서울성북구
2900000000,광주,1117000000,서울용산구
2900000000,광주,1138000000,서울은평구
2900000000,광주,1111000000,서울종로구
2900000000,광주,1114000000,서울중구
2900000000,광주,1126000000,서울중랑구
2900000000,광주,1198000000,서울강남
2900000000,광주,1168000000,서울강남구
2900000000,광주,1174000000,서울강동구
2900000000,광주,1150000000,서울강서구
2900000000,광주,1162000000,서울관악구
2900000000,광주,1153000000,서울구로구
2900000000,광주,1154500000,서울금천구
2900000000,광주,1159000000,서울동작구
2900000000,광주,1165000000,서울서초구
2900000000,광주,1171000000,서울송파구
2900000000,광주,1147000000,서울양천구
2900000000,광주,1156000000,서울영등포구
2900000000,광주,4111000000,수원
2900000000,광주,4111100000,수원장안구
2900000000,광주,4111300000,수원권선구
2900000000,광주,4111500000,수원팔달구
2900000000,광주,4111700000,수원영통구
2900000000,광주,4113000000,성남
2900000000,광주,4113100000,성남수정구
2900000000,광주,4113300000,성남중원구
2900000000,광주,4113500000,성남분당구
2900000000,광주,4128000000,고양
2900000000,광주,4128100000,고양덕양구
2900000000,광주,4128500000,고양일산동구
2900000000,광주,4128700000,고양일산서구
2900000000,광주,4117000000,안양
2900000000,광주,4117100000,안양만안구
2900000000,광주,4117300000,안양동안구
2900000000,광주,4119000000,부천
2900000000,광주,4115000000,의정부
2900000000,광주,4121000000,광명
2900000000,광주,4122000000,평택
2900000000,광주,4127000000,안산
2900000000,광주,4127300000,안산단원구
2900000000,광주,4127100000,안산상록구
2900000000,광주,4129000000,과천
2900000000,광주,4131000000,구리
2900000000,광주,4136000000,남양주
2900000000,광주,4146000000,용인
2900000000,광주,4146100000,용인처인구
2900000000,광주,4146300000,용인기흥구
2900000000,광주,4146500000,용인수지구
2900000000,광주,4139000000,시흥
2900000000,광주,4141000000,군포
2900000000,광주,4143000000,의왕
2900000000,광주,4145000000,하남
2900000000,광주,4137000000,오산
2900000000,광주,4148000000,파주
2900000000,광주,4150000000,이천
2900000000,광주,4155000000,안성
2900000000,광주,4157000000,김포
2900000000,광주,4163000000,양주
2900000000,광주,4125000000,동두천
2900000000,광주,4161000000,광주
2900000000,광주,4159000000,화성
2900000000,광주,2811000000,인천중구
2900000000,광주,2814000000,인천동구
2900000000,광주,2817700000,인천미추홀구
2900000000,광주,2818500000,인천연수구
2900000000,광주,2820000000,인천남동구
2900000000,광주,2823700000,인천부평구
2900000000,광주,2824500000,인천계양구
2900000000,광주,2826000000,인천서구
2900000000,광주,2611000000,부산중구
2900000000,광주,2614000000,부산서구
2900000000,광주,2617000000,부산동구
2900000000,광주,2620000000,부산영도구
2900000000,광주,2623000000,부산부산진구
2900000000,광주,2626000000,부산동래구
2900000000,광주,2629000000,부산남구
2900000000,광주,2632000000,부산북구
2900000000,광주,2635000000,부산해운대구
2900000000,광주,2638000000,부산사하구
2900000000,광주,2641000000,부산금정구
2900000000,광주,2647000000,부산연제구
2900000000,광주,2650000000,부산수영구
2900000000,광주,2653000000,부산사상구
2900000000,광주,2671000000,부산기장군
2900000000,광주,2644000000,부산강서구
2900000000,광주,2711000000,대구중구
2900000000,광주,2714000000,대구동구
2900000000,광주,2717000000,대구서구
2900000000,광주,2720000000,대구남구
2900000000,광주,2723000000,대구북구
2900000000,광주,2726000000,대구수성구
2900000000,광주,2729000000,대구달서구
2900000000,광주,2771000000,대구달성군
2900000000,광주,2911000000,광주동구
2900000000,광주,2914000000,광주서구
2900000000,광주,2915500000,광주남구
2900000000,광주,2917000000,광주북구
2900000000,광주,2920000000,광주광산구
3000000000,대전,1199000000,서울강북
3000000000,대전,1130500000,서울강북구
3000000000,대전,1121500000,서울광진구
3000000000,대전,1135000000,서울노원구
3000000000,대전,1132000000,서울도봉구
3000000000,대전,1123000000,서울동대문구
3000000000,대전,1144000000,서울마포구
3000000000,대전,1141000000,서울서대문구
3000000000,대전,1120000000,서울성동구
3000000000,대전,1129000000,서울성북구
3000000000,대전,1117000000,서울용산구
3000000000,대전,1138000000,서울은평구
3000000000,대전,1111000000,서울종로구
3000000000,대전,1114000000,서울중구
3000000000,대전,1126000000,서울중랑구
3000000000,대전,1198000000,서울강남
3000000000,대전,1168000000,서울강남구
3000000000,대전,1174000000,서울강동구
3000000000,대전,1150000000,서울강서구
3000000000,대전,1162000000,서울관악구
3000000000,대전,1153000000,서울구로구
3000000000,대전,1154500000,서울금천구
3000000000,대전,1159000000,서울동작구
3000000000,대전,1165000000,서울서초구
3000000000,대전,1171000000,서울송파구
3000000000,대전,1147000000,서울양천구
3000000000,대전,1156000000,서울영등포구
3000000000,대전,4111000000,수원
3000000000,대전,4111100000,수원장안구
3000000000,대전,4111300000,수원권선구
3000000000,대전,4111500000,수원팔달구
3000000000,대전,4111700000,수원영통구
3000000000,대전,4113000000,성남
3000000000,대전,4113100000,성남수정구
3000000000,대전,4113300000,성남중원구
3000000000,대전,4113500000,성남분당구
3000000000,대전,4128000000,고양
3000000000,대전,4128100000,고양덕양구
3000000000,대전,4128500000,고양일산동구
3000000000,대전,4128700000,고양일산서구
3000000000,대전,4117000000,안양
3000000000,대전,4117100000,안양만안구
3000000000,대전,4117300000,안양동안구
3000000000,대전,4119000000,부천
3000000000,대전,4115000000,의정부
3000000000,대전,4121000000,광명
3000000000,대전,4122000000,평택
3000000000,대전,4127000000,안산
3000000000,대전,4127300000,안산단원구
3000000000,대전,4127100000,안산상록구
3000000000,대전,4129000000,과천
3000000000,대전,4131000000,구리
3000000000,대전,4136000000,남양주
3000000000,대전,4146000000,용인
3000000000,대전,4146100000,용인처인구
3000000000,대전,4146300000,용인기흥구
3000000000,대전,4146500000,용인수지구
3000000000,대전,4139000000,시흥
3000000000,대전,4141000000,군포
3000000000,대전,4143000000,의왕
3000000000,대전,4145000000,하남
3000000000,대전,4137000000,오산
3000000000,대전,4148000000,파주
3000000000,대전,4150000000,이천
3000000000,대전,4155000000,안성
3000000000,대전,4157000000,김포
3000000000,대전,4163000000,양주
3000000000,대전,4125000000,동두천
3000000000,대전,4161000000,광주
3000000000,대전,4159000000,화성
3000000000,대전,2811000000,인천중구
3000000000,대전,2814000000,인천동구
3000000000,대전,2817700000,인천미추홀구
3000000000,대전,2818500000,인천연수구
3000000000,대전,2820000000,인천남동구
3000000000,대전,2823700000,인천부평구
3000000000,대전,2824500000,인천계양구
3000000000,대전,2826000000,인천서구
3000000000,대전,2611000000,부산중구
3000000000,대전,2614000000,부산서구
3000000000,대전,2617000000,부산동구
3000000000,대전,2620000000,부산영도구
3000000000,대전,2623000000,부산부산진구
3000000000,대전,2626000000,부산동래구
3000000000,대전,2629000000,부산남구
3000000000,대전,2632000000,부산북구
3000000000,대전,2635000000,부산해운대구
3000000000,대전,2638000000,부산사하구
3000000000,대전,2641000000,부산금정구
3000000000,대전,2647000000,부산연제구
3000000000,대전,2650000000,부산수영구
3000000000,대전,2653000000,부산사상구
3000000000,대전,2671000000,부산기장군
3000000000,대전,2644000000,부산강서구
3000000000,대전,2711000000,대구중구
3000000000,대전,2714000000,대구동구
3000000000,대전,2717000000,대구서구
3000000000,대전,2720000000,대구남구
3000000000,대전,2723000000,대구북구
3000000000,대전,2726000000,대구수성구
3000000000,대전,2729000000,대구달서구
3000000000,대전,2771000000,대구달성군
3000000000,대전,2911000000,광주동구
3000000000,대전,2914000000,광주서구
3000000000,대전,2915500000,광주남구
3000000000,대전,2917000000,광주북구
3000000000,대전,2920000000,광주광산구
3000000000,대전,3011000000,대전동구
3000000000,대전,3014000000,대전중구
3000000000,대전,3017000000,대전서구
3000000000,대전,3020000000,대전유성구
3000000000,대전,3023000000,대전대덕구
3100000000,울산,1199000000,서울강북
3100000000,울산,1130500000,서울강북구
3100000000,울산,1121500000,서울광진구
3100000000,울산,1135000000,서울노원구
3100000000,울산,1132000000,서울도봉구
3100000000,울산,1123000000,서울동대문구
3100000000,울산,1144000000,서울마포구
3100000000,울산,1141000000,서울서대문구
3100000000,울산,1120000000,서울성동구
3100000000,울산,1129000000,서울성북구
3100000000,울산,1117000000,서울용산구
3100000000,울산,1138000000,서울은평구
3100000000,울산,1111000000,서울종로구
3100000000,울산,1114000000,서울중구
3100000000,울산,1126000000,서울중랑구
3100000000,울산,1198000000,서울강남
3100000000,울산,1168000000,서울강남구
3100000000,울산,1174000000,서울강동구
3100000000,울산,1150000000,서울강서구
3100000000,울산,1162000000,서울관악구
3100000000,울산,1153000000,서울구로구
3100000000,울산,1154500000,서울금천구
3100000000,울산,1159000000,서울동작구
3100000000,울산,1165000000,서울서초구
3100000000,울산,1171000000,서울송파구
3100000000,울산,1147000000,서울양천구
3100000000,울산,1156000000,서울영등포구
3100000000,울산,4111000000,수원
3100000000,울산,4111100000,수원장안구
3100000000,울산,4111300000,수원권선구
3100000000,울산,4111500000,수원팔달구
3100000000,울산,4111700000,수원영통구
3100000000,울산,4113000000,성남
3100000000,울산,4113100000,성남수정구
3100000000,울산,4113300000,성남중원구
3100000000,울산,4113500000,성남분당구
3100000000,울산,4128000000,고양
3100000000,울산,4128100000,고양덕양구
3100000000,울산,4128500000,고양일산동구
3100000000,울산,4128700000,고양일산서구
3100000000,울산,4117000000,안양
3100000000,울산,4117100000,안양만안구
3100000000,울산,4117300000,안양동안구
3100000000,울산,4119000000,부천
3100000000,울산,4115000000,의정부
3100000000,울산,4121000000,광명
3100000000,울산,4122000000,평택
3100000000,울산,4127000000,안산
3100000000,울산,4127300000,안산단원구
3100000000,울산,4127100000,안산상록구
3100000000,울산,4129000000,과천
3100000000,울산,4131000000,구리
3100000000,울산,4136000000,남양주
3100000000,울산,4146000000,용인
3100000000,울산,4146100000,용인처인구
3100000000,울산,4146300000,용인기흥구
3100000000,울산,4146500000,용인수지구
3100000000,울산,4139000000,시흥
3100000000,울산,4141000000,군포
3100000000,울산,4143000000,의왕
3100000000,울산,4145000000,하남
3100000000,울산,4137000000,오산
3100000000,울산,4148000000,파주
3100000000,울산,4150000000,이천
3100000000,울산,4155000000,안성
3100000000,울산,4157000000,김포
3100000000,울산,4163000000,양주
3100000000,울산,4125000000,동두천
3100000000,울산,4161000000,광주
3100000000,울산,4159000000,화성
3100000000,울산,2811000000,인천중구
3100000000,울산,2814000000,인천동구
3100000000,울산,2817700000,인천미추홀구
3100000000,울산,2818500000,인천연수구
3100000000,울산,2820000000,인천남동구
3100000000,울산,2823700000,인천부평구
3100000000,울산,2824500000,인천계양구
3100000000,울산,2826000000,인천서구
3100000000,울산,2611000000,부산중구
3100000000,울산,2614000000,부산서구
3100000000,울산,2617000000,부산동구
3100000000,울산,2620000000,부산영도구
3100000000,울산,2623000000,부산부산진구
3100000000,울산,2626000000,부산동래구
3100000000,울산,2629000000,부산남구
3100000000,울산,2632000000,부산북구
3100000000,울산,2635000000,부산해운대구
3100000000,울산,2638000000,부산사하구
3100000000,울산,2641000000,부산금정구
3100000000,울산,2647000000,부산연제구
3100000000,울산,2650000000,부산수영구
3100000000,울산,2653000000,부산사상구
3100000000,울산,2671000000,부산기장군
3100000000,울산,2644000000,부산강서구
3100000000,울산,2711000000,대구중구
3100000000,울산,2714000000,대구동구
3100000000,울산,2717000000,대구서구
3100000000,울산,2720000000,대구남구
3100000000,울산,2723000000,대구북구
3100000000,울산,2726000000,대구수성구
3100000000,울산,2729000000,대구달서구
3100000000,울산,2771000000,대구달성군
3100000000,울산,2911000000,광주동구
3100000000,울산,2914000000,광주서구
3100000000,울산,2915500000,광주남구
3100000000,울산,2917000000,광주북구
3100000000,울산,2920000000,광주광산구
3100000000,울산,3011000000,대전동구
3100000000,울산,3014000000,대전중구
3100000000,울산,3017000000,대전서구
3100000000,울산,3020000000,대전유성구
3100000000,울산,3023000000,대전대덕구
3100000000,울산,3111000000,울산중구
3100000000,울산,3114000000,울산남구
3100000000,울산,3117000000,울산동구
3100000000,울산,3120000000,울산북구
3100000000,울산,3171000000,울산울주군
9802000000,5개광역시,1199000000,서울강북
9802000000,5개광역시,1130500000,서울강북구
9802000000,5개광역시,1121500000,서울광진구
9802000000,5개광역시,1135000000,서울노원구
9802000000,5개광역시,1132000000,서울도봉구
9802000000,5개광역시,1123000000,서울동대문구
9802000000,5개광역시,1144000000,서울마포구
9802000000,5개광역시,1141000000,서울서대문구
9802000000,5개광역시,1120000000,서울성동구
9802000000,5개광역시,1129000000,서울성북구
9802000000,5개광역시,1117000000,서울용산구
9802000000,5개광역시,1138000000,서울은평구
9802000000,5개광역시,1111000000,서울종로구
9802000000,5개광역시,1114000000,서울중구
9802000000,5개광역시,1126000000,서울중랑구
9802000000,5개광역시,1198000000,서울강남
9802000000,5개광역시,1168000000,서울강남구
9802000000,5개광역시,1174000000,서울강동구
9802000000,5개광역시,1150000000,서울강서구
9802000000,5개광역시,1162000000,서울관악구
9802000000,5개광역시,1153000000,서울구로구
9802000000,5개광역시,1154500000,서울금천구
9802000000,5개광역시,1159000000,서울동작구
9802000000,5개광역시,1165000000,서울서초구
9802000000,5개광역시,1171000000,서울송파구
9802000000,5개광역시,1147000000,서울양천구
9802000000,5개광역시,1156000000,서울영등포구
9802000000,5개광역시,4111000000,수원
9802000000,5개광역시,4111100000,수원장안구
9802000000,5개광역시,4111300000,수원권선구
9802000000,5개광역시,4111500000,수원팔달구
9802000000,5개광역시,4111700000,수원영통구
9802000000,5개광역시,4113000000,성남
9802000000,5개광역시,4113100000,성남수정구
9802000000,5개광역시,4113300000,성남중원구
9802000000,5개광역시,4113500000,성남분당구
9802000000,5개광역시,4128000000,고양
9802000000,5개광역시,4128100000,고양덕양구
9802000000,5개광역시,4128500000,고양일산동구
9802000000,5개광역시,4128700000,고양일산서구
9802000000,5개광역시,4117000000,안양
9802000000,5개광역시,4117100000,안양만안구
9802000000,5개광역시,4117300000,안양동안구
9802000000,5개광역시,4119000000,부천
9802000000,5개광역시,4115000000,의정부
9802000000,5개광역시,4121000000,광명
9802000000,5개광역시,4122000000,평택
9802000000,5개광역시,4127000000,안산
9802000000,5개광역시,4127300000,안산단원구
9802000000,5개광역시,4127100000,안산상록구
9802000000,5개광역시,4129000000,과천
9802000000,5개광역시,4131000000,구리
9802000000,5개광역시,4136000000,남양주
9802000000,5개광역시,4146000000,용인
9802000000,5개광역시,4146100000,용인처인구
9802000000,5개광역시,4146300000,용인기흥구
9802000000,5개광역시,4146500000,용인수지구
9802000000,5개광역시,4139000000,시흥
9802000000,5개광역시,4141000000,군포
9802000000,5개광역시,4143000000,의왕
9802000000,5개광역시,4145000000,하남
9802000000,5개광역시,4137000000,오산
9802000000,5개광역시,4148000000,파주
9802000000,5개광역시,4150000000,이천
9802000000,5개광역시,4155000000,안성
9802000000,5개광역시,4157000000,김포
9802000000,5개광역시,4163000000,양주
9802000000,5개광역시,4125000000,동두천
9802000000,5개광역시,4161000000,광주
9802000000,5개광역시,4159000000,화성
9802000000,5개광역시,2811000000,인천중구
9802000000,5개광역시,2814000000,인천동구
9802000000,5개광역시,2817700000,인천미추홀구
9802000000,5개광역시,2818500000,인천연수구
9802000000,5개광역시,2820000000,인천남동구
9802000000,5개광역시,2823700000,인천부평구
9802000000,5개광역시,2824500000,인천계양구
9802000000,5개광역시,2826000000,인천서구
9802000000,5개광역시,2611000000,부산중구
9802000000,5개광역시,2614000000,부산서구
9802000000,5개광역시,2617000000,부산동구
9802000000,5개광역시,2620000000,부산영도구
9802000000,5개광역시,2623000000,부산부산진구
9802000000,5개광역시,2626000000,부산동래구
9802000000,5개광역시,2629000000,부산남구
9802000000,5개광역시,2632000000,부산북구
9802000000,5개광역시,2635000000,부산해운대구
9802000000,5개광역시,2638000000,부산사하구
9802000000,5개광역시,2641000000,부산금정구
9802000000,5개광역시,2647000000,부산연제구
9802000000,5개광역시,2650000000,부산수영구
9802000000,5개광역시,2653000000,부산사상구
9802000000,5개광역시,2671000000,부산기장군
9802000000,5개광역시,2644000000,부산강서구
9802000000,5개광역시,2711000000,대구중구
9802000000,5개광역시,2714000000,대구동구
9802000000,5개광역시,2717000000,대구서구
9802000000,5개광역시,2720000000,대구남구
9802000000,5개광역시,2723000000,대구북구
9802000000,5개광역시,2726000000,대구수성구
9802000000,5개광역시,2729000000,대구달서구
9802000000,5개광역시,2771000000,대구달성군
9802000000,5개광역시,2911000000,광주동구
9802000000,5개광역시,2914000000,광주서구
9802000000,5개광역시,2915500000,광주남구
9802000000,5개광역시,2917000000,광주북구
9802000000,5개광역시,2920000000,광주광산구
9802000000,5개광역시,3011000000,대전동구
9802000000,5개광역시,3014000000,대전중구
9802000000,5개광역시,3017000000,대전서구
9802000000,5개광역시,3020000000,대전유성구
9802000000,5개광역시,3023000000,대전대덕구
9802000000,5개광역시,3111000000,울산중구
9802000000,5개광역시,3114000000,울산남구
9802000000,5개광역시,3117000000,울산동구
9802000000,5개광역시,3120000000,울산북구
9802000000,5개광역시,3171000000,울산울주군
9801000000,6개광역시,1199000000,서울강북
9801000000,6개광역시,1130500000,서울강북구
9801000000,6개광역시,1121500000,서울광진구
9801000000,6개광역시,1135000000,서울노원구
9801000000,6개광역시,1132000000,서울도봉구
9801000000,6개광역시,1123000000,서울동대문구
9801000000,6개광역시,1144000000,서울마포구
9801000000,6개광역시,1141000000,서울서대문구
9801000000,6개광역시,1120000000,서울성동구
9801000000,6개광역시,1129000000,서울성북구
9801000000,6개광역시,1117000000,서울용산구
9801000000,6개광역시,1138000000,서울은평구
9801000000,6개광역시,1111000000,서울종로구
9801000000,6개광역시,1114000000,서울중구
9801000000,6개광역시,1126000000,서울중랑구
9801000000,6개광역시,1198000000,서울강남
9801000000,6개광역시,1168000000,서울강남구
9801000000,6개광역시,1174000000,서울강동구
9801000000,6개광역시,1150000000,서울강서구
9801000000,6개광역시,1162000000,서울관악구
9801000000,6개광역시,1153000000,서울구로구
9801000000,6개광역시,1154500000,서울금천구
9801000000,6개광역시,1159000000,서울동작구
9801000000,6개광역시,1165000000,서울서초구
9801000000,6개광역시,1171000000,서울송파구
9801000000,6개광역시,1147000000,서울양천구
9801000000,6개광역시,1156000000,서울영등포구
9801000000,6개광역시,4111000000,수원
9801000000,6개광역시,4111100000,수원장안구
9801000000,6개광역시,4111300000,수원권선구
9801000000,6개광역시,4111500000,수원팔달구
9801000000,6개광역시,4111700000,수원영통구
9801000000,6개광역시,4113000000,성남
9801000000,6개광역시,4113100000,성남수정구
9801000000,6개광역시,4113300000,성남중원구
9801000000,6개광역시,4113500000,성남분당구
9801000000,6개광역시,4128000000,고양
9801000000,6개광역시,4128100000,고양덕양구
9801000000,6개광역시,4128500000,고양일산동구
9801000000,6개광역시,4128700000,고양일산서구
9801000000,6개광역시,4117000000,안양
9801000000,6개광역시,4117100000,안양만안구
9801000000,6개광역시,4117300000,안양동안구
9801000000,6개광역시,4119000000,부천
9801000000,6개광역시,4115000000,의정부
9801000000,6개광역시,4121000000,광명
9801000000,6개광역시,4122000000,평택
9801000000,6개광역시,4127000000,안산
9801000000,6개광역시,4127300000,안산단원구
9801000000,6개광역시,4127100000,안산상록구
9801000000,6개광역시,4129000000,과천
9801000000,6개광역시,4131000000,구리
9801000000,6개광역시,4136000000,남양주
9801000000,6개광역시,4146000000,용인
9801000000,6개광역시,4146100000,용인처인구
9801000000,6개광역시,4146300000,용인기흥구
9801000000,6개광역시,4146500000,용인수지구
9801000000,6개광역시,4139000000,시흥
9801000000,6개광역시,4141000000,군포
9801000000,6개광역시,4143000000,의왕
9801000000,6개광역시,4145000000,하남
9801000000,6개광역시,4137000000,오산
9801000000,6개광역시,4148000000,파주
9801000000,6개광역시,4150000000,이천
9801000000,6개광역시,4155000000,안성
9801000000,6개광역시,4157000000,김포
9801000000,6개광역시,4163000000,양주
9801000000,6개광역시,4125000000,동두천
9801000000,6개광역시,4161000000,광주
9801000000,6개광역시,4159000000,화성
9801000000,6개광역시,2811000000,인천중구
9801000000,6개광역시,2814000000,인천동구
9801000000,6개광역시,2817700000,인천미추홀구
9801000000,6개광역시,2818500000,인천연수구
9801000000,6개광역시,2820000000,인천남동구
9801000000,6개광역시,2823700000,인천부평구
9801000000,6개광역시,2824500000,인천계양구
9801000000,6개광역시,2826000000,인천서구
9801000000,6개광역시,2611000000,부산중구
9801000000,6개광역시,2614000000,부산서구
9801000000,6개광역시,2617000000,부산동구
9801000000,6개광역시,2620000000,부산영도구
9801000000,6개광역시,2623000000,부산부산진구
9801000000,6개광역시,2626000000,부산동래구
9801000000,6개광역시,2629000000,부산남구
9801000000,6개광역시,2632000000,부산북구
9801000000,6개광역시,2635000000,부산해운대구
9801000000,6개광역시,2638000000,부산사하구
9801000000,6개광역시,2641000000,부산금정구
9801000000,6개광역시,2647000000,부산연제구
9801000000,6개광역시,2650000000,부산수영구
9801000000,6개광역시,2653000000,부산사상구
9801000000,6개광역시,2671000000,부산기장군
9801000000,6개광역시,2644000000,부산강서구
9801000000,6개광역시,2711000000,대구중구
9801000000,6개광역시,2714000000,대구동구
9801000000,6개광역시,2717000000,대구서구
9801000000,6개광역시,2720000000,대구남구
9801000000,6개광역시,2723000000,대구북구
9801000000,6개광역시,2726000000,대구수성구
9801000000,6개광역시,2729000000,대구달서구
9801000000,6개광역시,2771000000,대구달성군
9801000000,6개광역시,2911000000,광주동구
9801000000,6개광역시,2914000000,광주서구
9801000000,6개광역시,2915500000,광주남구
9801000000,6개광역시,2917000000,광주북구
9801000000,6개광역시,2920000000,광주광산구
9801000000,6개광역시,3011000000,대전동구
9801000000,6개광역시,3014000000,대전중구
9801000000,6개광역시,3017000000,대전서구
9801000000,6개광역시,3020000000,대전유성구
9801000000,6개광역시,3023000000,대전대덕구
9801000000,6개광역시,3111000000,울산중구
9801000000,6개광역시,3114000000,울산남구
9801000000,6개광역시,3117000000,울산동구
9801000000,6개광역시,3120000000,울산북구
9801000000,6개광역시,3171000000,울산울주군
3611000000,세종,1199000000,서울강북
3611000000,세종,1130500000,서울강북구
3611000000,세종,1121500000,서울광진구
3611000000,세종,1135000000,서울노원구
3611000000,세종,1132000000,서울도봉구
3611000000,세종,1123000000,서울동대문구
3611000000,세종,1144000000,서울마포구
3611000000,세종,1141000000,서울서대문구
3611000000,세종,1120000000,서울성동구
3611000000,세종,1129000000,서울성북구
3611000000,세종,1117000000,서울용산구
3611000000,세종,1138000000,서울은평구
3611000000,세종,1111000000,서울종로구
3611000000,세종,1114000000,서울중구
3611000000,세종,1126000000,서울중랑구
3611000000,세종,1198000000,서울강남
3611000000,세종,1168000000,서울강남구
3611000000,세종,1174000000,서울강동구
3611000000,세종,1150000000,서울강서구
3611000000,세종,1162000000,서울관악구
3611000000,세종,1153000000,서울구로구
3611000000,세종,1154500000,서울금천구
3611000000,세종,1159000000,서울동작구
3611000000,세종,1165000000,서울서초구
3611000000,세종,1171000000,서울송파구
3611000000,세종,1147000000,서울양천구
3611000000,세종,1156000000,서울영등포구
3611000000,세종,4111000000,수원
3611000000,세종,4111100000,수원장안구
3611000000,세종,4111300000,수원권선구
3611000000,세종,4111500000,수원팔달구
3611000000,세종,4111700000,수원영통구
3611000000,세종,4113000000,성남
3611000000,세종,4113100000,성남수정구
3611000000,세종,4113300000,성남중원구
3611000000,세종,4113500000,성남분당구
3611000000,세종,4128000000,고양
3611000000,세종,4128100000,고양덕양구
3611000000,세종,4128500000,고양일산동구
3611000000,세종,4128700000,고양일산서구
3611000000,세종,4117000000,안양
3611000000,세종,4117100000,안양만안구
3611000000,세종,4117300000,안양동안구
3611000000,세종,4119000000,부천
3611000000,세종,4115000000,의정부
3611000000,세종,4121000000,광명
3611000000,세종,4122000000,평택
3611000000,세종,4127000000,안산
3611000000,세종,4127300000,안산단원구
3611000000,세종,4127100000,안산상록구
3611000000,세종,4129000000,과천
3611000000,세종,4131000000,구리
3611000000,세종,4136000000,남양주
3611000000,세종,4146000000,용인
3611000000,세종,4146100000,용인처인구
3611000000,세종,4146300000,용인기흥구
3611000000,세종,4146500000,용인수지구
3611000000,세종,4139000000,시흥
3611000000,세종,4141000000,군포
3611000000,세종,4143000000,의왕
3611000000,세종,4145000000,하남
3611000000,세종,4137000000,오산
3611000000,세종,4148000000,파주
3611000000,세종,4150000000,이천
3611000000,세종,4155000000,안성
3611000000,세종,4157000000,김포
3611000000,세종,4163000000,양주
3611000000,세종,4125000000,동두천
3611000000,세종,4161000000,광주
3611000000,세종,4159000000,화성
3611000000,세종,2811000000,인천중구
3611000000,세종,2814000000,인천동구
3611000000,세종,2817700000,인천미추홀구
3611000000,세종,2818500000,인천연수구
3611000000,세종,2820000000,인천남동구
3611000000,세종,2823700000,인천부평구
3611000000,세종,2824500000,인천계양구
3611000000,세종,2826000000,인천서구
3611000000,세종,2611000000,부산중구
3611000000,세종,2614000000,부산서구
3611000000,세종,2617000000,부산동구
3611000000,세종,2620000000,부산영도구
3611000000,세종,2623000000,부산부산진구
3611000000,세종,2626000000,부산동래구
3611000000,세종,2629000000,부산남구
3611000000,세종,2632000000,부산북구
3611000000,세종,2635000000,부산해운대구
3611000000,세종,2638000000,부산사하구
3611000000,세종,2641000000,부산금정구
3611000000,세종,2647000000,부산연제구
3611000000,세종,2650000000,부산수영구
3611000000,세종,2653000000,부산사상구
3611000000,세종,2671000000,부산기장군
3611000000,세종,2644000000,부산강서구
3611000000,세종,2711000000,대구중구
3611000000,세종,2714000000,대구동구
3611000000,세종,2717000000,대구서구
3611000000,세종,2720000000,대구남구
3611000000,세종,2723000000,대구북구
3611000000,세종,2726000000,대구수성구
3611000000,세종,2729000000,대구달서구
3611000000,세종,2771000000,대구달성군
3611000000,세종,2911000000,광주동구
3611000000,세종,2914000000,광주서구
3611000000,세종,2915500000,광주남구
3611000000,세종,2917000000,광주북구
3611000000,세종,2920000000,광주광산구
3611000000,세종,3011000000,대전동구
3611000000,세종,3014000000,대전중구
3611000000,세종,3017000000,대전서구
3611000000,세종,3020000000,대전유성구
3611000000,세종,3023000000,대전대덕구
3611000000,세종,3111000000,울산중구
3611000000,세종,3114000000,울산남구
3611000000,세종,3117000000,울산동구
3611000000,세종,3120000000,울산북구
3611000000,세종,3171000000,울산울주군
4200000000,강원,1199000000,서울강북
4200000000,강원,1130500000,서울강북구
4200000000,강원,1121500000,서울광진구
4200000000,강원,1135000000,서울노원구
4200000000,강원,1132000000,서울도봉구
4200000000,강원,1123000000,서울동대문구
4200000000,강원,1144000000,서울마포구
4200000000,강원,1141000000,서울서대문구
4200000000,강원,1120000000,서울성동구
4200000000,강원,1129000000,서울성북구
4200000000,강원,1117000000,서울용산구
4200000000,강원,1138000000,서울은평구
4200000000,강원,1111000000,서울종로구
4200000000,강원,1114000000,서울중구
4200000000,강원,1126000000,서울중랑구
4200000000,강원,1198000000,서울강남
4200000000,강원,1168000000,서울강남구
4200000000,강원,1174000000,서울강동구
4200000000,강원,1150000000,서울강서구
4200000000,강원,1162000000,서울관악구
4200000000,강원,1153000000,서울구로구
4200000000,강원,1154500000,서울금천구
4200000000,강원,1159000000,서울동작구
4200000000,강원,1165000000,서울서초구
4200000000,강원,1171000000,서울송파구
4200000000,강원,1147000000,서울양천구
4200000000,강원,1156000000,서울영등포구
4200000000,강원,4111000000,수원
4200000000,강원,4111100000,수원장안구
4200000000,강원,4111300000,수원권선구
4200000000,강원,4111500000,수원팔달구
4200000000,강원,4111700000,수원영통구
4200000000,강원,4113000000,성남
4200000000,강원,4113100000,성남수정구
4200000000,강원,4113300000,성남중원구
4200000000,강원,4113500000,성남분당구
4200000000,강원,4128000000,고양
4200000000,강원,4128100000,고양덕양구
4200000000,강원,4128500000,고양일산동구
4200000000,강원,4128700000,고양일산서구
4200000000,강원,4117000000,안양
4200000000,강원,4117100000,안양만안구
4200000000,강원,4117300000,안양동안구
4200000000,강원,4119000000,부천
4200000000,강원,4115000000,의정부
4200000000,강원,4121000000,광명
4200000000,강원,4122000000,평택
4200000000,강원,4127000000,안산
4200000000,강원,4127300000,안산단원구
4200000000,강원,4127100000,안산상록구
4200000000,강원,4129000000,과천
4200000000,강원,4131000000,구리
4200000000,강원,4136000000,남양주
4200000000,강원,4146000000,용인
4200000000,강원,4146100000,용인처인구
4200000000,강원,4146300000,용인기흥구
4200000000,강원,4146500000,용인수지구
4200000000,강원,4139000000,시흥
4200000000,강원,4141000000,군포
4200000000,강원,4143000000,의왕
4200000000,강원,4145000000,하남
4200000000,강원,4137000000,오산
4200000000,강원,4148000000,파주
4200000000,강원,4150000000,이천
4200000000,강원,4155000000,안성
4200000000,강원,4157000000,김포
4200000000,강원,4163000000,양주
4200000000,강원,4125000000,동두천
4200000000,강원,4161000000,광주
4200000000,강원,4159000000,화성
4200000000,강원,2811000000,인천중구
4200000000,강원,2814000000,인천동구
4200000000,강원,2817700000,인천미추홀구
4200000000,강원,2818500000,인천연수구
4200000000,강원,2820000000,인천남동구
4200000000,강원,2823700000,인천부평구
4200000000,강원,2824500000,인천계양구
4200000000,강원,2826000000,인천서구
4200000000,강원,2611000000,부산중구
4200000000,강원,2614000000,부산서구
4200000000,강원,2617000000,부산동구
4200000000,강원,2620000000,부산영도구
4200000000,강원,2623000000,부산부산진구
4200000000,강원,2626000000,부산동래구
4200000000,강원,2629000000,부산남구
4200000000,강원,2632000000,부산북구
4200000000,강원,2635000000,부산해운대구
4200000000,강원,2638000000,부산사하구
4200000000,강원,2641000000,부산금정구
4200000000,강원,2647000000,부산연제구
4200000000,강원,2650000000,부산수영구
4200000000,강원,2653000000,부산사상구
4200000000,강원,2671000000,부산기장군
4200000000,강원,2644000000,부산강서구
4200000000,강원,2711000000,대구중구
4200000000,강원,2714000000,대구동구
4200000000,강원,2717000000,대구서구
4200000000,강원,2720000000,대구남구
4200000000,강원,2723000000,대구북구
4200000000,강원,2726000000,대구수성구
4200000000,강원,2729000000,대구달서구
4200000000,강원,2771000000,대구달성군
4200000000,강원,2911000000,광주동구
4200000000,강원,2914000000,광주서구
4200000000,강원,2915500000,광주남구
4200000000,강원,2917000000,광주북구
4200000000,강원,2920000000,광주광산구
4200000000,강원,3011000000,대전동구
4200000000,강원,3014000000,대전중구
4200000000,강원,3017000000,대전서구
4200000000,강원,3020000000,대전유성구
4200000000,강원,3023000000,대전대덕구
4200000000,강원,3111000000,울산중구
4200000000,강원,3114000000,울산남구
4200000000,강원,3117000000,울산동구
4200000000,강원,3120000000,울산북구
4200000000,강원,3171000000,울산울주군
4200000000,강원,4211000000,춘천
4200000000,강원,4215000000,강릉
4200000000,강원,4213000000,원주
4300000000,충북,1199000000,서울강북
4300000000,충북,1130500000,서울강북구
4300000000,충북,1121500000,서울광진구
4300000000,충북,1135000000,서울노원구
4300000000,충북,1132000000,서울도봉구
4300000000,충북,1123000000,서울동대문구
4300000000,충북,1144000000,서울마포구
4300000000,충북,1141000000,서울서대문구
4300000000,충북,1120000000,서울성동구
4300000000,충북,1129000000,서울성북구
4300000000,충북,1117000000,서울용산구
4300000000,충북,1138000000,서울은평구
4300000000,충북,1111000000,서울종로구
4300000000,충북,1114000000,서울중구
4300000000,충북,1126000000,서울중랑구
4300000000,충북,1198000000,서울강남
4300000000,충북,1168000000,서울강남구
4300000000,충북,1174000000,서울강동구
4300000000,충북,1150000000,서울강서구
4300000000,충북,1162000000,서울관악구
4300000000,충북,1153000000,서울구로구
4300000000,충북,1154500000,서울금천구
4300000000,충북,1159000000,서울동작구
4300000000,충북,1165000000,서울서초구
4300000000,충북,1171000000,서울송파구
4300000000,충북,1147000000,서울양천구
4300000000,충북,1156000000,서울영등포구
4300000000,충북,4111000000,수원
4300000000,충북,4111100000,수원장안구
4300000000,충북,4111300000,수원권선구
4300000000,충북,4111500000,수원팔달구
4300000000,충북,4111700000,수원영통구
4300000000,충북,4113000000,성남
4300000000,충북,4113100000,성남수정구
4300000000,충북,4113300000,성남중원구
4300000000,충북,4113500000,성남분당구
4300000000,충북,4128000000,고양
4300000000,충북,4128100000,고양덕양구
4300000000,충북,4128500000,고양일산동구
4300000000,충북,4128700000,고양일산서구
4300000000,충북,4117000000,안양
4300000000,충북,4117100000,안양만안구
4300000000,충북,4117300000,안양동안구
4300000000,충북,4119000000,부천
4300000000,충북,4115000000,의정부
4300000000,충북,4121000000,광명
4300000000,충북,4122000000,평택
4300000000,충북,4127000000,안산
4300000000,충북,4127300000,안산단원구
4300000000,충북,4127100000,안산상록구
4300000000,충북,4129000000,과천
4300000000,충북,4131000000,구리
4300000000,충북,4136000000,남양주
4300000000,충북,4146000000,용인
4300000000,충북,4146100000,용인처인구
4300000000,충북,4146300000,용인기흥구
4300000000,충북,4146500000,용인수지구
4300000000,충북,4139000000,시흥
4300000000,충북,4141000000,군포
4300000000,충북,4143000000,의왕
4300000000,충북,4145000000,하남
4300000000,충북,4137000000,오산
4300000000,충북,4148000000,파주
4300000000,충북,4150000000,이천
4300000000,충북,4155000000,안성
4300000000,충북,4157000000,김포
4300000000,충북,4163000000,양주
4300000000,충북,4125000000,동두천
4300000000,충북,4161000000,광주
4300000000,충북,4159000000,화성
4300000000,충북,2811000000,인천중구
4300000000,충북,2814000000,인천동구
4300000000,충북,2817700000,인천미추홀구
4300000000,충북,2818500000,인천연수구
4300000000,충북,2820000000,인천남동구
4300000000,충북,2823700000,인천부평구
4300000000,충북,2824500000,인천계양구
4300000000,충북,2826000000,인천서구
4300000000,충북,2611000000,부산중구
4300000000,충북,2614000000,부산서구
4300000000,충북,2617000000,부산동구
4300000000,충북,2620000000,부산영도구
4300000000,충북,2623000000,부산부산진구
4300000000,충북,2626000000,부산동래구
4300000000,충북,2629000000,부산남구
4300000000,충북,2632000000,부산북구
4300000000,충북,2635000000,부산해운대구
4300000000,충북,2638000000,부산사하구
4300000000,충북,2641000000,부산금정구
4300000000,충북,2647000000,부산연제구
4300000000,충북,2650000000,부산수영구
4300000000,충북,2653000000,부산사상구
4300000000,충북,2671000000,부산기장군
4300000000,충북,2644000000,부산강서구
4300000000,충북,2711000000,대구중구
4300000000,충북,2714000000,대구동구
4300000000,충북,2717000000,대구서구
4300000000,충북,2720000000,대구남구
4300000000,충북,2723000000,대구북구
4300000000,충북,2726000000,대구수성구
4300000000,충북,2729000000,대구달서구
4300000000,충북,2771000000,대구달성군
4300000000,충북,2911000000,광주동구
4300000000,충북,2914000000,광주서구
4300000000,충북,2915500000,광주남구
4300000000,충북,2917000000,광주북구
4300000000,충북,2920000000,광주광산구
4300000000,충북,3011000000,대전동구
4300000000,충북,3014000000,대전중구
4300000000,충북,3017000000,대전서구
4300000000,충북,3020000000,대전유성구
4300000000,충북,3023000000,대전대덕구
4300000000,충북,3111000000,울산중구
4300000000,충북,3114000000,울산남구
4300000000,충북,3117000000,울산동구
4300000000,충북,3120000000,울산북구
4300000000,충북,3171000000,울산울주군
4300000000,충북,4211000000,춘천
4300000000,충북,4215000000,강릉
4300000000,충북,4213000000,원주
4300000000,충북,4311000000,청주
4300000000,충북,4311100000,청주상당구
4300000000,충북,4311200000,청주서원구
4300000000,충북,4311400000,청주청원구
4300000000,충북,4311300000,청주흥덕구
4300000000,충북,4313000000,충주
4300000000,충북,4315000000,제천
4400000000,충남,1199000000,서울강북
4400000000,충남,1130500000,서울강북구
4400000000,충남,1121500000,서울광진구
4400000000,충남,1135000000,서울노원구
4400000000,충남,1132000000,서울도봉구
4400000000,충남,1123000000,서울동대문구
4400000000,충남,1144000000,서울마포구
4400000000,충남,1141000000,서울서대문구
4400000000,충남,1120000000,서울성동구
4400000000,충남,1129000000,서울성북구
4400000000,충남,1117000000,서울용산구
4400000000,충남,1138000000,서울은평구
4400000000,충남,1111000000,서울종로구
4400000000,충남,1114000000,서울중구
4400000000,충남,1126000000,서울중랑구
4400000000,충남,1198000000,서울강남
4400000000,충남,1168000000,서울강남구
4400000000,충남,1174000000,서울강동구
4400000000,충남,1150000000,서울강서구
4400000000,충남,1162000000,서울관악구
4400000000,충남,1153000000,서울구로구
4400000000,충남,1154500000,서울금천구
4400000000,충남,1159000000,서울동작구
4400000000,충남,1165000000,서울서초구
4400000000,충남,1171000000,서울송파구
4400000000,충남,1147000000,서울양천구
4400000000,충남,1156000000,서울영등포구
4400000000,충남,4111000000,수원
4400000000,충남,4111100000,수원장안구
4400000000,충남,4111300000,수원권선구
4400000000,충남,4111500000,수원팔달구
4400000000,충남,4111700000,수원영통구
4400000000,충남,4113000000,성남
4400000000,충남,4113100000,성남수정구
4400000000,충남,4113300000,성남중원구
4400000000,충남,4113500000,성남분당구
4400000000,충남,4128000000,고양
4400000000,충남,4128100000,고양덕양구
4400000000,충남,4128500000,고양일산동구
4400000000,충남,4128700000,고양일산서구
4400000000,충남,4117000000,안양
4400000000,충남,4117100000,안양만안구
4400000000,충남,4117300000,안양동안구
4400000000,충남,4119000000,부천
4400000000,충남,4115000000,의정부
4400000000,충남,4121000000,광명
4400000000,충남,4122000000,평택
4400000000,충남,4127000000,안산
4400000000,충남,4127300000,안산단원구
4400000000,충남,4127100000,안산상록구
4400000000,충남,4129000000,과천
4400000000,충남,4131000000,구리
4400000000,충남,4136000000,남양주
4400000000,충남,4146000000,용인
4400000000,충남,4146100000,용인처인구
4400000000,충남,4146300000,용인기흥구
4400000000,충남,4146500000,용인수지구
4400000000,충남,4139000000,시흥
4400000000,충남,4141000000,군포
4400000000,충남,4143000000,의왕
4400000000,충남,4145000000,하남
4400000000,충남,4137000000,오산
4400000000,충남,4148000000,파주
4400000000,충남,4150000000,이천
4400000000,충남,4155000000,안성
4400000000,충남,4157000000,김포
4400000000,충남,4163000000,양주
4400000000,충남,4125000000,동두천
4400000000,충남,4161000000,광주
4400000000,충남,4159000000,화성
4400000000,충남,2811000000,인천중구
4400000000,충남,2814000000,인천동구
4400000000,충남,2817700000,인천미추홀구
4400000000,충남,2818500000,인천연수구
4400000000,충남,2820000000,인천남동구
4400000000,충남,2823700000,인천부평구
4400000000,충남,2824500000,인천계양구
4400000000,충남,2826000000,인천서구
4400000000,충남,2611000000,부산중구
4400000000,충남,2614000000,부산서구
4400000000,충남,2617000000,부산동구
4400000000,충남,2620000000,부산영도구
4400000000,충남,2623000000,부산부산진구
4400000000,충남,2626000000,부산동래구
4400000000,충남,2629000000,부산남구
4400000000,충남,2632000000,부산북구
4400000000,충남,2635000000,부산해운대구
4400000000,충남,2638000000,부산사하구
4400000000,충남,2641000000,부산금정구
4400000000,충남,2647000000,부산연제구
4400000000,충남,2650000000,부산수영구
4400000000,충남,2653000000,부산사상구
4400000000,충남,2671000000,부산기장군
4400000000,충남,2644000000,부산강서구
4400000000,충남,2711000000,대구중구
4400000000,충남,2714000000,대구동구
4400000000,충남,2717000000,대구서구
4400000000,충남,2720000000,대구남구
4400000000,충남,2723000000,대구북구
4400000000,충남,2726000000,대구수성구
4400000000,충남,2729000000,대구달서구
4400000000,충남,2771000000,대구달성군
4400000000,충남,2911000000,광주동구
4400000000,충남,2914000000,광주서구
4400000000,충남,2915500000,광주남구
4400000000,충남,2917000000,광주북구
4400000000,충남,2920000000,광주광산구
4400000000,충남,3011000000,대전동구
4400000000,충남,3014000000,대전중구
4400000000,충남,3017000000,대전서구
4400000000,충남,3020000000,대전유성구
4400000000,충남,3023000000,대전대덕구
4400000000,충남,3111000000,울산중구
4400000000,충남,3114000000,울산남구
4400000000,충남,3117000000,울산동구
4400000000,충남,3120000000,울산북구
4400000000,충남,3171000000,울산울주군
4400000000,충남,4211000000,춘천
4400000000,충남,4215000000,강릉
4400000000,충남,4213000000,원주
4400000000,충남,4311000000,청주
4400000000,충남,4311100000,청주상당구
4400000000,충남,4311200000,청주서원구
4400000000,충남,4311400000,청주청원구
4400000000,충남,4311300000,청주흥덕구
4400000000,충남,4313000000,충주
4400000000,충남,4315000000,제천
4400000000,충남,4413000000,천안
4400000000,충남,4413100000,천안동남구
4400000000,충남,4413300000,천안서북구
4400000000,충남,4415000000,공주
4400000000,충남,4420000000,아산
4400000000,충남,4423000000,논산
4400000000,충남,4425000000,계룡
4400000000,충남,4427000000,당진
4400000000,충남,4421000000,서산
4500000000,전북,1199000000,서울강북
4500000000,전북,1130500000,서울강북구
4500000000,전북,1121500000,서울광진구
4500000000,전북,1135000000,서울노원구
4500000000,전북,1132000000,서울도봉구
4500000000,전북,1123000000,서울동대문구
4500000000,전북,1144000000,서울마포구
4500000000,전북,1141000000,서울서대문구
4500000000,전북,1120000000,서울성동구
4500000000,전북,1129000000,서울성북구
4500000000,전북,1117000000,서울용산구
4500000000,전북,1138000000,서울은평구
4500000000,전북,1111000000,서울종로구
4500000000,전북,1114000000,서울중구
4500000000,전북,1126000000,서울중랑구
4500000000,전북,1198000000,서울강남
4500000000,전북,1168000000,서울강남구
4500000000,전북,1174000000,서울강동구
4500000000,전북,1150000000,서울강서구
4500000000,전북,1162000000,서울관악구
4500000000,전북,1153000000,서울구로구
4500000000,전북,1154500000,서울금천구
4500000000,전북,1159000000,서울동작구
4500000000,전북,1165000000,서울서초구
4500000000,전북,1171000000,서울송파구
4500000000,전북,1147000000,서울양천구
4500000000,전북,1156000000,서울영등포구
4500000000,전북,4111000000,수원
4500000000,전북,4111100000,수원장안구
4500000000,전북,4111300000,수원권선구
4500000000,전북,4111500000,수원팔달구
4500000000,전북,4111700000,수원영통구
4500000000,전북,4113000000,성남
4500000000,전북,4113100000,성남수정구
4500000000,전북,4113300000,성남중원구
4500000000,전북,4113500000,성남분당구
4500000000,전북,4128000000,고양
4500000000,전북,4128100000,고양덕양구
4500000000,전북,4128500000,고양일산동구
4500000000,전북,4128700000,고양일산서구
4500000000,전북,4117000000,안양
4500000000,전북,4117100000,안양만안구
4500000000,전북,4117300000,안양동안구
4500000000,전북,4119000000,부천
4500000000,전북,4115000000,의정부
4500000000,전북,4121000000,광명
4500000000,전북,4122000000,평택
4500000000,전북,4127000000,안산
4500000000,전북,4127300000,안산단원구
4500000000,전북,4127100000,안산상록구
4500000000,전북,4129000000,과천
4500000000,전북,4131000000,구리
4500000000,전북,4136000000,남양주
4500000000,전북,4146000000,용인
4500000000,전북,4146100000,용인처인구
4500000000,전북,4146300000,용인기흥구
4500000000,전북,4146500000,용인수지구
4500000000,전북,4139000000,시흥
4500000000,전북,4141000000,군포
4500000000,전북,4143000000,의왕
4500000000,전북,4145000000,하남
4500000000,전북,4137000000,오산
4500000000,전북,4148000000,파주
4500000000,전북,4150000000,이천
4500000000,전북,4155000000,안성
4500000000,전북,4157000000,김포
4500000000,전북,4163000000,양주
4500000000,전북,4125000000,동두천
4500000000,전북,4161000000,광주
4500000000,전북,4159000000,화성
4500000000,전북,2811000000,인천중구
4500000000,전북,2814000000,인천동구
4500000000,전북,2817700000,인천미추홀구
4500000000,전북,2818500000,인천연수구
4500000000,전북,2820000000,인천남동구
4500000000,전북,2823700000,인천부평구
4500000000,전북,2824500000,인천계양구
4500000000,전북,2826000000,인천서구
4500000000,전북,2611000000,부산중구
4500000000,전북,2614000000,부산서구
4500000000,전북,2617000000,부산동구
4500000000,전북,2620000000,부산영도구
4500000000,전북,2623000000,부산부산진구
4500000000,전북,2626000000,부산동래구
4500000000,전북,2629000000,부산남구
4500000000,전북,2632000000,부산북구
4500000000,전북,2635000000,부산해운대구
4500000000,전북,2638000000,부산사하구
4500000000,전북,2641000000,부산금정구
4500000000,전북,2647000000,부산연제구
4500000000,전북,2650000000,부산수영구
4500000000,전북,2653000000,부산사상구
4500000000,전북,2671000000,부산기장군
4500000000,전북,2644000000,부산강서구
4500000000,전북,2711000000,대구중구
4500000000,전북,2714000000,대구동구
4500000000,전북,2717000000,대구서구
4500000000,전북,2720000000,대구남구
4500000000,전북,2723000000,대구북구
4500000000,전북,2726000000,대구수성구
4500000000,전북,2729000000,대구달서구
4500000000,전북,2771000000,대구달성군
4500000000,전북,2911000000,광주동구
4500000000,전북,2914000000,광주서구
4500000000,전북,2915500000,광주남구
4500000000,전북,2917000000,광주북구
4500000000,전북,2920000000,광주광산구
4500000000,전북,3011000000,대전동구
4500000000,전북,3014000000,대전중구
4500000000,전북,3017000000,대전서구
4500000000,전북,3020000000,대전유성구
4500000000,전북,3023000000,대전대덕구
4500000000,전북,3111000000,울산중구
4500000000,전북,3114000000,울산남구
4500000000,전북,3117000000,울산동구
4500000000,전북,3120000000,울산북구
4500000000,전북,3171000000,울산울주군
4500000000,전북,4211000000,춘천
4500000000,전북,4215000000,강릉
4500000000,전북,4213000000,원주
4500000000,전북,4311000000,청주
4500000000,전북,4311100000,청주상당구
4500000000,전북,4311200000,청주서원구
4500000000,전북,4311400000,청주청원구
4500000000,전북,4311300000,청주흥덕구
4500000000,전북,4313000000,충주
4500000000,전북,4315000000,제천
4500000000,전북,4413000000,천안
4500000000,전북,4413100000,천안동남구
4500000000,전북,4413300000,천안서북구
4500000000,전북,4415000000,공주
4500000000,전북,4420000000,아산
4500000000,전북,4423000000,논산
4500000000,전북,4425000000,계룡
4500000000,전북,4427000000,당진
4500000000,전북,4421000000,서산
4500000000,전북,4511000000,전주
4500000000,전북,4511100000,전주완산구
4500000000,전북,4511300000,전주덕진구
4500000000,전북,4514000000,익산
4500000000,전북,4513000000,군산
4600000000,전남,1199000000,서울강북
4600000000,전남,1130500000,서울강북구
4600000000,전남,1121500000,서울광진구
4600000000,전남,1135000000,서울노원구
4600000000,전남,1132000000,서울도봉구
4600000000,전남,1123000000,서울동대문구
4600000000,전남,1144000000,서울마포구
4600000000,전남,1141000000,서울서대문구
4600000000,전남,1120000000,서울성동구
4600000000,전남,1129000000,서울성북구
4600000000,전남,1117000000,서울용산구
4600000000,전남,1138000000,서울은평구
4600000000,전남,1111000000,서울종로구
4600000000,전남,1114000000,서울중구
4600000000,전남,1126000000,서울중랑구
4600000000,전남,1198000000,서울강남
4600000000,전남,1168000000,서울강남구
4600000000,전남,1174000000,서울강동구
4600000000,전남,1150000000,서울강서구
4600000000,전남,1162000000,서울관악구
4600000000,전남,1153000000,서울구로구
4600000000,전남,1154500000,서울금천구
4600000000,전남,1159000000,서울동작구
4600000000,전남,1165000000,서울서초구
4600000000,전남,1171000000,서울송파구
4600000000,전남,1147000000,서울양천구
4600000000,전남,1156000000,서울영등포구
4600000000,전남,4111000000,수원
4600000000,전남,4111100000,수원장안구
4600000000,전남,4111300000,수원권선구
4600000000,전남,4111500000,수원팔달구
4600000000,전남,4111700000,수원영통구
4600000000,전남,4113000000,성남
4600000000,전남,4113100000,성남수정구
4600000000,전남,4113300000,성남중원구
4600000000,전남,4113500000,성남분당구
4600000000,전남,4128000000,고양
4600000000,전남,4128100000,고양덕양구
4600000000,전남,4128500000,고양일산동구
4600000000,전남,4128700000,고양일산서구
4600000000,전남,4117000000,안양
4600000000,전남,4117100000,안양만안구
4600000000,전남,4117300000,안양동안구
4600000000,전남,4119000000,부천
4600000000,전남,4115000000,의정부
4600000000,전남,4121000000,광명
4600000000,전남,4122000000,평택
4600000000,전남,4127000000,안산
4600000000,전남,4127300000,안산단원구
4600000000,전남,4127100000,안산상록구
4600000000,전남,4129000000,과천
4600000000,전남,4131000000,구리
4600000000,전남,4136000000,남양주
4600000000,전남,4146000000,용인
4600000000,전남,4146100000,용인처인구
4600000000,전남,4146300000,용인기흥구
4600000000,전남,4146500000,용인수지구
4600000000,전남,4139000000,시흥
4600000000,전남,4141000000,군포
4600000000,전남,4143000000,의왕
4600000000,전남,4145000000,하남
4600000000,전남,4137000000,오산
4600000000,전남,4148000000,파주
4600000000,전남,4150000000,이천
4600000000,전남,4155000000,안성
4600000000,전남,4157000000,김포
4600000000,전남,4163000000,양주
4600000000,전남,4125000000,동두천
4600000000,전남,4161000000,광주
4600000000,전남,4159000000,화성
4600000000,전남,2811000000,인천중구
4600000000,전남,2814000000,인천동구
4600000000,전남,2817700000,인천미추홀구
4600000000,전남,2818500000,인천연수구
4600000000,전남,2820000000,인천남동구
4600000000,전남,2823700000,인천부평구
4600000000,전남,2824500000,인천계양구
4600000000,전남,2826000000,인천서구
4600000000,전남,2611000000,부산중구
4600000000,전남,2614000000,부산서구
4600000000,전남,2617000000,부산동구
4600000000,전남,2620000000,부산영도구
4600000000,전남,2623000000,부산부산진구
4600000000,전남,2626000000,부산동래구
4600000000,전남,2629000000,부산남구
4600000000,전남,2632000000,부산북구
4600000000,전남,2635000000,부산해운대구
4600000000,전남,2638000000,부산사하구
4600000000,전남,2641000000,부산금정구
4600000000,전남,2647000000,부산연제구
4600000000,전남,2650000000,부산수영구
4600000000,전남,2653000000,부산사상구
4600000000,전남,2671000000,부산기장군
4600000000,전남,2644000000,부산강서구
4600000000,전남,2711000000,대구중구
4600000000,전남,2714000000,대구동구
4600000000,전남,2717000000,대구서구
4600000000,전남,2720000000,대구남구
4600000000,전남,2723000000,대구북구
4600000000,전남,2726000000,대구수성구
4600000000,전남,2729000000,대구달서구
4600000000,전남,2771000000,대구달성군
4600000000,전남,2911000000,광주동구
4600000000,전남,2914000000,광주서구
4600000000,전남,2915500000,광주남구
4600000000,전남,2917000000,광주북구
4600000000,전남,2920000000,광주광산구
4600000000,전남,3011000000,대전동구
4600000000,전남,3014000000,대전중구
4600000000,전남,3017000000,대전서구
4600000000,전남,3020000000,대전유성구
4600000000,전남,3023000000,대전대덕구
4600000000,전남,3111000000,울산중구
4600000000,전남,3114000000,울산남구
4600000000,전남,3117000000,울산동구
4600000000,전남,3120000000,울산북구
4600000000,전남,3171000000,울산울주군
4600000000,전남,4211000000,춘천
4600000000,전남,4215000000,강릉
4600000000,전남,4213000000,원주
4600000000,전남,4311000000,청주
4600000000,전남,4311100000,청주상당구
4600000000,전남,4311200000,청주서원구
4600000000,전남,4311400000,청주청원구
4600000000,전남,4311300000,청주흥덕구
4600000000,전남,4313000000,충주
4600000000,전남,4315000000,제천
4600000000,전남,4413000000,천안
4600000000,전남,4413100000,천안동남구
4600000000,전남,4413300000,천안서북구
4600000000,전남,4415000000,공주
4600000000,전남,4420000000,아산
4600000000,전남,4423000000,논산
4600000000,전남,4425000000,계룡
4600000000,전남,4427000000,당진
4600000000,전남,4421000000,서산
4600000000,전남,4511000000,전주
4600000000,전남,4511100000,전주완산구
4600000000,전남,4511300000,전주덕진구
4600000000,전남,4514000000,익산
4600000000,전남,4513000000,군산
4600000000,전남,4611000000,목포
4600000000,전남,4615000000,순천
4600000000,전남,4623000000,광양
4600000000,전남,4613000000,여수
4700000000,경북,1199000000,서울강북
4700000000,경북,1130500000,서울강북구
4700000000,경북,1121500000,서울광진구
4700000000,경북,1135000000,서울노원구
4700000000,경북,1132000000,서울도봉구
4700000000,경북,1123000000,서울동대문구
4700000000,경북,1144000000,서울마포구
4700000000,경북,1141000000,서울서대문구
4700000000,경북,1120000000,서울성동구
4700000000,경북,1129000000,서울성북구
4700000000,경북,1117000000,서울용산구
4700000000,경북,1138000000,서울은평구
4700000000,경북,1111000000,서울종로구
4700000000,경북,1114000000,서울중구
4700000000,경북,1126000000,서울중랑구
4700000000,경북,1198000000,서울강남
4700000000,경북,1168000000,서울강남구
4700000000,경북,1174000000,서울강동구
4700000000,경북,1150000000,서울강서구
4700000000,경북,1162000000,서울관악구
4700000000,경북,1153000000,서울구로구
4700000000,경북,1154500000,서울금천구
4700000000,경북,1159000000,서울동작구
4700000000,경북,1165000000,서울서초구
4700000000,경북,1171000000,서울송파구
4700000000,경북,1147000000,서울양천구
4700000000,경북,1156000000,서울영등포구
4700000000,경북,4111000000,수원
4700000000,경북,4111100000,수원장안구
4700000000,경북,4111300000,수원권선구
4700000000,경북,4111500000,수원팔달구
4700000000,경북,4111700000,수원영통구
4700000000,경북,4113000000,성남
4700000000,경북,4113100000,성남수정구
4700000000,경북,4113300000,성남중원구
4700000000,경북,4113500000,성남분당구
4700000000,경북,4128000000,고양
4700000000,경북,4128100000,고양덕양구
4700000000,경북,4128500000,고양일산동구
4700000000,경북,4128700000,고양일산서구
4700000000,경북,4117000000,안양
4700000000,경북,4117100000,안양만안구
4700000000,경북,4117300000,안양동안구
4700000000,경북,4119000000,부천
4700000000,경북,4115000000,의정부
4700000000,경북,4121000000,광명
4700000000,경북,4122000000,평택
4700000000,경북,4127000000,안산
4700000000,경북,4127300000,안산단원구
4700000000,경북,4127100000,안산상록구
4700000000,경북,4129000000,과천
4700000000,경북,4131000000,구리
4700000000,경북,4136000000,남양주
4700000000,경북,4146000000,용인
4700000000,경북,4146100000,용인처인구
4700000000,경북,4146300000,용인기흥구
4700000000,경북,4146500000,용인수지구
4700000000,경북,4139000000,시흥
4700000000,경북,4141000000,군포
4700000000,경북,4143000000,의왕
4700000000,경북,4145000000,하남
4700000000,경북,4137000000,오산
4700000000,경북,4148000000,파주
4700000000,경북,4150000000,이천
4700000000,경북,4155000000,안성
4700000000,경북,4157000000,김포
4700000000,경북,4163000000,양주
4700000000,경북,4125000000,동두천
4700000000,경북,4161000000,광주
4700000000,경북,4159000000,화성
4700000000,경북,2811000000,인천중구
4700000000,경북,2814000000,인천동구
4700000000,경북,2817700000,인천미추홀구
4700000000,경북,2818500000,인천연수구
4700000000,경북,2820000000,인천남동구
4700000000,경북,2823700000,인천부평구
4700000000,경북,2824500000,인천계양구
4700000000,경북,2826000000,인천서구
4700000000,경북,2611000000,부산중구
4700000000,경북,2614000000,부산서구
4700000000,경북,2617000000,부산동구
4700000000,경북,2620000000,부산영도구
4700000000,경북,2623000000,부산부산진구
4700000000,경북,2626000000,부산동래구
4700000000,경북,2629000000,부산남구
4700000000,경북,2632000000,부산북구
4700000000,경북,2635000000,부산해운대구
4700000000,경북,2638000000,부산사하구
4700000000,경북,2641000000,부산금정구
4700000000,경북,2647000000,부산연제구
4700000000,경북,2650000000,부산수영구
4700000000,경북,2653000000,부산사상구
4700000000,경북,2671000000,부산기장군
4700000000,경북,2644000000,부산강서구
4700000000,경북,2711000000,대구중구
4700000000,경북,2714000000,대구동구
4700000000,경북,2717000000,대구서구
4700000000,경북,2720000000,대구남구
4700000000,경북,2723000000,대구북구
4700000000,경북,2726000000,대구수성구
4700000000,경북,2729000000,대구달서구
4700000000,경북,2771000000,대구달성군
4700000000,경북,2911000000,광주동구
4700000000,경북,2914000000,광주서구
4700000000,경북,2915500000,광주남구
4700000000,경북,2917000000,광주북구
4700000000,경북,2920000000,광주광산구
4700000000,경북,3011000000,대전동구
4700000000,경북,3014000000,대전중구
4700000000,경북,3017000000,대전서구
4700000000,경북,3020000000,대전유성구
4700000000,경북,3023000000,대전대덕구
4700000000,경북,3111000000,울산중구
4700000000,경북,3114000000,울산남구
4700000000,경북,3117000000,울산동구
4700000000,경북,3120000000,울산북구
4700000000,경북,3171000000,울산울주군
4700000000,경북,4211000000,춘천
4700000000,경북,4215000000,강릉
4700000000,경북,4213000000,원주
4700000000,경북,4311000000,청주
4700000000,경북,4311100000,청주상당구
4700000000,경북,4311200000,청주서원구
4700000000,경북,4311400000,청주청원구
4700000000,경북,4311300000,청주흥덕구
4700000000,경북,4313000000,충주
4700000000,경북,4315000000,제천
4700000000,경북,4413000000,천안
4700000000,경북,4413100000,천안동남구
4700000000,경북,4413300000,천안서북구
4700000000,경북,4415000000,공주
4700000000,경북,4420000000,아산
4700000000,경북,4423000000,논산
4700000000,경북,4425000000,계룡
4700000000,경북,4427000000,당진
4700000000,경북,4421000000,서산
4700000000,경북,4511000000,전주
4700000000,경북,4511100000,전주완산구
4700000000,경북,4511300000,전주덕진구
4700000000,경북,4514000000,익산
4700000000,경북,4513000000,군산
4700000000,경북,4611000000,목포
4700000000,경북,4615000000,순천
4700000000,경북,4623000000,광양
4700000000,경북,4613000000,여수
4700000000,경북,4711000000,포항
4700000000,경북,4711100000,포항남구
4700000000,경북,4711300000,포항북구
4700000000,경북,4715000000,김천
4700000000,경북,4719000000,구미
4700000000,경북,4729000000,경산
4700000000,경북,4717000000,안동
4800000000,경남,1199000000,서울강북
4800000000,경남,1130500000,서울강북구
4800000000,경남,1121500000,서울광진구
4800000000,경남,1135000000,서울노원구
4800000000,경남,1132000000,서울도봉구
4800000000,경남,1123000000,서울동대문구
4800000000,경남,1144000000,서울마포구
4800000000,경남,1141000000,서울서대문구
4800000000,경남,1120000000,서울성동구
4800000000,경남,1129000000,서울성북구
4800000000,경남,1117000000,서울용산구
4800000000,경남,1138000000,서울은평구
4800000000,경남,1111000000,서울종로구
4800000000,경남,1114000000,서울중구
4800000000,경남,1126000000,서울중랑구
4800000000,경남,1198000000,서울강남
4800000000,경남,1168000000,서울강남구
4800000000,경남,1174000000,서울강동구
4800000000,경남,1150000000,서울강서구
4800000000,경남,1162000000,서울관악구
4800000000,경남,1153000000,서울구로구
4800000000,경남,1154500000,서울금천구
4800000000,경남,1159000000,서울동작구
4800000000,경남,1165000000,서울서초구
4800000000,경남,1171000000,서울송파구
4800000000,경남,1147000000,서울양천구
4800000000,경남,1156000000,서울영등포구
4800000000,경남,4111000000,수원
4800000000,경남,4111100000,수원장안구
4800000000,경남,4111300000,수원권선구
4800000000,경남,4111500000,수원팔달구
4800000000,경남,4111700000,수원영통구
4800000000,경남,4113000000,성남
4800000000,경남,4113100000,성남수정구
4800000000,경남,4113300000,성남중원구
4800000000,경남,4113500000,성남분당구
4800000000,경남,4128000000,고양
4800000000,경남,4128100000,고양덕양구
4800000000,경남,4128500000,고양일산동구
4800000000,경남,4128700000,고양일산서구
4800000000,경남,4117000000,안양
4800000000,경남,4117100000,안양만안구
4800000000,경남,4117300000,안양동안구
4800000000,경남,4119000000,부천
4800000000,경남,4115000000,의정부
4800000000,경남,4121000000,광명
4800000000,경남,4122000000,평택
4800000000,경남,4127000000,안산
4800000000,경남,4127300000,안산단원구
4800000000,경남,4127100000,안산상록구
4800000000,경남,4129000000,과천
4800000000,경남,4131000000,구리
4800000000,경남,4136000000,남양주
4800000000,경남,4146000000,용인
4800000000,경남,4146100000,용인처인구
4800000000,경남,4146300000,용인기흥구
4800000000,경남,4146500000,용인수지구
4800000000,경남,4139000000,시흥
4800000000,경남,4141000000,군포
4800000000,경남,4143000000,의왕
4800000000,경남,4145000000,하남
4800000000,경남,4137000000,오산
4800000000,경남,4148000000,파주
4800000000,경남,4150000000,이천
4800000000,경남,4155000000,안성
4800000000,경남,4157000000,김포
4800000000,경남,4163000000,양주
4800000000,경남,4125000000,동두천
4800000000,경남,4161000000,광주
4800000000,경남,4159000000,화성
4800000000,경남,2811000000,인천중구
4800000000,경남,2814000000,인천동구
4800000000,경남,2817700000,인천미추홀구
4800000000,경남,2818500000,인천연수구
4800000000,경남,2820000000,인천남동구
4800000000,경남,2823700000,인천부평구
4800000000,경남,2824500000,인천계양구
4800000000,경남,2826000000,인천서구
4800000000,경남,2611000000,부산중구
4800000000,경남,2614000000,부산서구
4800000000,경남,2617000000,부산동구
4800000000,경남,2620000000,부산영도구
4800000000,경남,2623000000,부산부산진구
4800000000,경남,2626000000,부산동래구
4800000000,경남,2629000000,부산남구
4800000000,경남,2632000000,부산북구
4800000000,경남,2635000000,부산해운대구
4800000000,경남,2638000000,부산사하구
4800000000,경남,2641000000,부산금정구
4800000000,경남,2647000000,부산연제구
4800000000,경남,2650000000,부산수영구
4800000000,경남,2653000000,부산사상구
4800000000,경남,2671000000,부산기장군
4800000000,경남,2644000000,부산강서구
4800000000,경남,2711000000,대구중구
4800000000,경남,2714000000,대구동구
4800000000,경남,2717000000,대구서구
4800000000,경남,2720000000,대구남구
4800000000,경남,2723000000,대구북구
4800000000,경남,2726000000,대구수성구
4800000000,경남,2729000000,대구달서구
4800000000,경남,2771000000,대구달성군
4800000000,경남,2911000000,광주동구
4800000000,경남,2914000000,광주서구
4800000000,경남,2915500000,광주남구
4800000000,경남,2917000000,광주북구
4800000000,경남,2920000000,광주광산구
4800000000,경남,3011000000,대전동구
4800000000,경남,3014000000,대전중구
4800000000,경남,3017000000,대전서구
4800000000,경남,3020000000,대전유성구
4800000000,경남,3023000000,대전대덕구
4800000000,경남,3111000000,울산중구
4800000000,경남,3114000000,울산남구
4800000000,경남,3117000000,울산동구
4800000000,경남,3120000000,울산북구
4800000000,경남,3171000000,울산울주군
4800000000,경남,4211000000,춘천
4800000000,경남,4215000000,강릉
4800000000,경남,4213000000,원주
4800000000,경남,4311000000,청주
4800000000,경남,4311100000,청주상당구
4800000000,경남,4311200000,청주서원구
4800000000,경남,4311400000,청주청원구
4800000000,경남,4311300000,청주흥덕구
4800000000,경남,4313000000,충주
4800000000,경남,4315000000,제천
4800000000,경남,4413000000,천안
4800000000,경남,4413100000,천안동남구
4800000000,경남,4413300000,천안서북구
4800000000,경남,4415000000,공주
4800000000,경남,4420000000,아산
4800000000,경남,4423000000,논산
4800000000,경남,4425000000,계룡
4800000000,경남,4427000000,당진
4800000000,경남,4421000000,서산
4800000000,경남,4511000000,전주
4800000000,경남,4511100000,전주완산구
4800000000,경남,4511300000,전주덕진구
4800000000,경남,4514000000,익산
4800000000,경남,4513000000,군산
4800000000,경남,4611000000,목포
4800000000,경남,4615000000,순천
4800000000,경남,4623000000,광양
4800000000,경남,4613000000,여수
4800000000,경남,4711000000,포항
4800000000,경남,4711100000,포항남구
4800000000,경남,4711300000,포항북구
4800000000,경남,4715000000,김천
4800000000,경남,4719000000,구미
4800000000,경남,4729000000,경산
4800000000,경남,4717000000,안동
4800000000,경남,4812000000,창원
4800000000,경남,4812500000,창원마산합포구
4800000000,경남,4812700000,창원마산회원구
4800000000,경남,4812300000,창원성산구
4800000000,경남,4812100000,창원의창구
4800000000,경남,4812900000,창원진해구
4800000000,경남,4833000000,양산
4800000000,경남,4831000000,거제
4800000000,경남,4817000000,진주
4800000000,경남,4825000000,김해
4800000000,경남,4822000000,통영
5000000000,제주/서귀포,1199000000,서울강북
5000000000,제주/서귀포,1130500000,서울강북구
5000000000,제주/서귀포,1121500000,서울광진구
5000000000,제주/서귀포,1135000000,서울노원구
5000000000,제주/서귀포,1132000000,서울도봉구
5000000000,제주/서귀포,1123000000,서울동대문구
5000000000,제주/서귀포,1144000000,서울마포구
5000000000,제주/서귀포,1141000000,서울서대문구
5000000000,제주/서귀포,1120000000,서울성동구
5000000000,제주/서귀포,1129000000,서울성북구
5000000000,제주/서귀포,1117000000,서울용산구
5000000000,제주/서귀포,1138000000,서울은평구
5000000000,제주/서귀포,1111000000,서울종로구
5000000000,제주/서귀포,1114000000,서울중구
5000000000,제주/서귀포,1126000000,서울중랑구
5000000000,제주/서귀포,1198000000,서울강남
5000000000,제주/서귀포,1168000000,서울강남구
5000000000,제주/서귀포,1174000000,서울강동구
5000000000,제주/서귀포,1150000000,서울강서구
5000000000,제주/서귀포,1162000000,서울관악구
5000000000,제주/서귀포,1153000000,서울구로구
5000000000,제주/서귀포,1154500000,서울금천구
5000000000,제주/서귀포,1159000000,서울동작구
5000000000,제주/서귀포,1165000000,서울서초구
5000000000,제주/서귀포,1171000000,서울송파구
5000000000,제주/서귀포,1147000000,서울양천구
5000000000,제주/서귀포,1156000000,서울영등포구
5000000000,제주/서귀포,4111000000,수원
5000000000,제주/서귀포,4111100000,수원장안구
5000000000,제주/서귀포,4111300000,수원권선구
5000000000,제주/서귀포,4111500000,수원팔달구
5000000000,제주/서귀포,4111700000,수원영통구
5000000000,제주/서귀포,4113000000,성남
5000000000,제주/서귀포,4113100000,성남수정구
5000000000,제주/서귀포,4113300000,성남중원구
5000000000,제주/서귀포,4113500000,성남분당구
5000000000,제주/서귀포,4128000000,고양
5000000000,제주/서귀포,4128100000,고양덕양구
5000000000,제주/서귀포,4128500000,고양일산동구
5000000000,제주/서귀포,4128700000,고양일산서구
5000000000,제주/서귀포,4117000000,안양
5000000000,제주/서귀포,4117100000,안양만안구
5000000000,제주/서귀포,4117300000,안양동안구
5000000000,제주/서귀포,4119000000,부천
5000000000,제주/서귀포,4115000000,의정부
5000000000,제주/서귀포,4121000000,광명
5000000000,제주/서귀포,4122000000,평택
5000000000,제주/서귀포,4127000000,안산
5000000000,제주/서귀포,4127300000,안산단원구
5000000000,제주/서귀포,4127100000,안산상록구
5000000000,제주/서귀포,4129000000,과천
5000000000,제주/서귀포,4131000000,구리
5000000000,제주/서귀포,4136000000,남양주
5000000000,제주/서귀포,4146000000,용인
5000000000,제주/서귀포,4146100000,용인처인구
5000000000,제주/서귀포,4146300000,용인기흥구
5000000000,제주/서귀포,4146500000,용인수지구
5000000000,제주/서귀포,4139000000,시흥
5000000000,제주/서귀포,4141000000,군포
5000000000,제주/서귀포,4143000000,의왕
5000000000,제주/서귀포,4145000000,하남
5000000000,제주/서귀포,4137000000,오산
5000000000,제주/서귀포,4148000000,파주
5000000000,제주/서귀포,4150000000,이천
5000000000,제주/서귀포,4155000000,안성
5000000000,제주/서귀포,4157000000,김포
5000000000,제주/서귀포,4163000000,양주
5000000000,제주/서귀포,4125000000,동두천
5000000000,제주/서귀포,4161000000,광주
5000000000,제주/서귀포,4159000000,화성
5000000000,제주/서귀포,2811000000,인천중구
5000000000,제주/서귀포,2814000000,인천동구
5000000000,제주/서귀포,2817700000,인천미추홀구
5000000000,제주/서귀포,2818500000,인천연수구
5000000000,제주/서귀포,2820000000,인천남동구
5000000000,제주/서귀포,2823700000,인천부평구
5000000000,제주/서귀포,2824500000,인천계양구
5000000000,제주/서귀포,2826000000,인천서구
5000000000,제주/서귀포,2611000000,부산중구
5000000000,제주/서귀포,2614000000,부산서구
5000000000,제주/서귀포,2617000000,부산동구
5000000000,제주/서귀포,2620000000,부산영도구
5000000000,제주/서귀포,2623000000,부산부산진구
5000000000,제주/서귀포,2626000000,부산동래구
5000000000,제주/서귀포,2629000000,부산남구
5000000000,제주/서귀포,2632000000,부산북구
5000000000,제주/서귀포,2635000000,부산해운대구
5000000000,제주/서귀포,2638000000,부산사하구
5000000000,제주/서귀포,2641000000,부산금정구
5000000000,제주/서귀포,2647000000,부산연제구
5000000000,제주/서귀포,2650000000,부산수영구
5000000000,제주/서귀포,2653000000,부산사상구
5000000000,제주/서귀포,2671000000,부산기장군
5000000000,제주/서귀포,2644000000,부산강서구
5000000000,제주/서귀포,2711000000,대구중구
5000000000,제주/서귀포,2714000000,대구동구
5000000000,제주/서귀포,2717000000,대구서구
5000000000,제주/서귀포,2720000000,대구남구
5000000000,제주/서귀포,2723000000,대구북구
5000000000,제주/서귀포,2726000000,대구수성구
5000000000,제주/서귀포,2729000000,대구달서구
5000000000,제주/서귀포,2771000000,대구달성군
5000000000,제주/서귀포,2911000000,광주동구
5000000000,제주/서귀포,2914000000,광주서구
5000000000,제주/서귀포,2915500000,광주남구
5000000000,제주/서귀포,2917000000,광주북구
5000000000,제주/서귀포,2920000000,광주광산구
5000000000,제주/서귀포,3011000000,대전동구
5000000000,제주/서귀포,3014000000,대전중구
5000000000,제주/서귀포,3017000000,대전서구
5000000000,제주/서귀포,3020000000,대전유성구
5000000000,제주/서귀포,3023000000,대전대덕구
5000000000,제주/서귀포,3111000000,울산중구
5000000000,제주/서귀포,3114000000,울산남구
5000000000,제주/서귀포,3117000000,울산동구
5000000000,제주/서귀포,3120000000,울산북구
5000000000,제주/서귀포,3171000000,울산울주군
5000000000,제주/서귀포,4211000000,춘천
5000000000,제주/서귀포,4215000000,강릉
5000000000,제주/서귀포,4213000000,원주
5000000000,제주/서귀포,4311000000,청주
5000000000,제주/서귀포,4311100000,청주상당구
5000000000,제주/서귀포,4311200000,청주서원구
5000000000,제주/서귀포,4311400000,청주청원구
5000000000,제주/서귀포,4311300000,청주흥덕구
5000000000,제주/서귀포,4313000000,충주
5000000000,제주/서귀포,4315000000,제천
5000000000,제주/서귀포,4413000000,천안
5000000000,제주/서귀포,4413100000,천안동남구
5000000000,제주/서귀포,4413300000,천안서북구
5000000000,제주/서귀포,4415000000,공주
5000000000,제주/서귀포,4420000000,아산
5000000000,제주/서귀포,4423000000,논산
5000000000,제주/서귀포,4425000000,계룡
5000000000,제주/서귀포,4427000000,당진
5000000000,제주/서귀포,4421000000,서산
5000000000,제주/서귀포,4511000000,전주
5000000000,제주/서귀포,4511100000,전주완산구
5000000000,제주/서귀포,4511300000,전주덕진구
5000000000,제주/서귀포,4514000000,익산
5000000000,제주/서귀포,4513000000,군산
5000000000,제주/서귀포,4611000000,목포
5000000000,제주/서귀포,4615000000,순천
5000000000,제주/서귀포,4623000000,광양
5000000000,제주/서귀포,4613000000,여수
5000000000,제주/서귀포,4711000000,포항
5000000000,제주/서귀포,4711100000,포항남구
5000000000,제주/서귀포,4711300000,포항북구
5000000000,제주/서귀포,4715000000,김천
5000000000,제주/서귀포,4719000000,구미
5000000000,제주/서귀포,4729000000,경산
5000000000,제주/서귀포,4717000000,안동
5000000000,제주/서귀포,4812000000,창원
5000000000,제주/서귀포,4812500000,창원마산합포구
5000000000,제주/서귀포,4812700000,창원마산회원구
5000000000,제주/서귀포,4812300000,창원성산구
5000000000,제주/서귀포,4812100000,창원의창구
5000000000,제주/서귀포,4812900000,창원진해구
5000000000,제주/서귀포,4833000000,양산
5000000000,제주/서귀포,4831000000,거제
5000000000,제주/서귀포,4817000000,진주
5000000000,제주/서귀포,4825000000,김해
5000000000,제주/서귀포,4822000000,통영
9804000000,기타지방,1199000000,서울강북
9804000000,기타지방,1130500000,서울강북구
9804000000,기타지방,1121500000,서울광진구
9804000000,기타지방,1135000000,서울노원구
9804000000,기타지방,1132000000,서울도봉구
9804000000,기타지방,1123000000,서울동대문구
9804000000,기타지방,1144000000,서울마포구
9804000000,기타지방,1141000000,서울서대문구
9804000000,기타지방,1120000000,서울성동구
9804000000,기타지방,1129000000,서울성북구
9804000000,기타지방,1117000000,서울용산구
9804000000,기타지방,1138000000,서울은평구
9804000000,기타지방,1111000000,서울종로구
9804000000,기타지방,1114000000,서울중구
9804000000,기타지방,1126000000,서울중랑구
9804000000,기타지방,1198000000,서울강남
9804000000,기타지방,1168000000,서울강남구
9804000000,기타지방,1174000000,서울강동구
9804000000,기타지방,1150000000,서울강서구
9804000000,기타지방,1162000000,서울관악구
9804000000,기타지방,1153000000,서울구로구
9804000000,기타지방,1154500000,서울금천구
9804000000,기타지방,1159000000,서울동작구
9804000000,기타지방,1165000000,서울서초구
9804000000,기타지방,1171000000,서울송파구
9804000000,기타지방,1147000000,서울양천구
9804000000,기타지방,1156000000,서울영등포구
9804000000,기타지방,4111000000,수원
9804000000,기타지방,4111100000,수원장안구
9804000000,기타지방,4111300000,수원권선구
9804000000,기타지방,4111500000,수원팔달구
9804000000,기타지방,4111700000,수원영통구
9804000000,기타지방,4113000000,성남
9804000000,기타지방,4113100000,성남수정구
9804000000,기타지방,4113300000,성남중원구
9804000000,기타지방,4113500000,성남분당구
9804000000,기타지방,4128000000,고양
9804000000,기타지방,4128100000,고양덕양구
9804000000,기타지방,4128500000,고양일산동구
9804000000,기타지방,4128700000,고양일산서구
9804000000,기타지방,4117000000,안양
9804000000,기타지방,4117100000,안양만안구
9804000000,기타지방,4117300000,안양동안구
9804000000,기타지방,4119000000,부천
9804000000,기타지방,4115000000,의정부
9804000000,기타지방,4121000000,광명
9804000000,기타지방,4122000000,평택
9804000000,기타지방,4127000000,안산
9804000000,기타지방,4127300000,안산단원구
9804000000,기타지방,4127100000,안산상록구
9804000000,기타지방,4129000000,과천
9804000000,기타지방,4131000000,구리
9804000000,기타지방,4136000000,남양주
9804000000,기타지방,4146000000,용인
9804000000,기타지방,4146100000,용인처인구
9804000000,기타지방,4146300000,용인기흥구
9804000000,기타지방,4146500000,용인수지구
9804000000,기타지방,4139000000,시흥
9804000000,기타지방,4141000000,군포
9804000000,기타지방,4143000000,의왕
9804000000,기타지방,4145000000,하남
9804000000,기타지방,4137000000,오산
9804000000,기타지방,4148000000,파주
9804000000,기타지방,4150000000,이천
9804000000,기타지방,4155000000,안성
9804000000,기타지방,4157000000,김포
9804000000,기타지방,4163000000,양주
9804000000,기타지방,4125000000,동두천
9804000000,기타지방,4161000000,광주
9804000000,기타지방,4159000000,화성
9804000000,기타지방,2811000000,인천중구
9804000000,기타지방,2814000000,인천동구
9804000000,기타지방,2817700000,인천미추홀구
9804000000,기타지방,2818500000,인천연수구
9804000000,기타지방,2820000000,인천남동구
9804000000,기타지방,2823700000,인천부평구
9804000000,기타지방,2824500000,인천계양구
9804000000,기타지방,2826000000,인천서구
9804000000,기타지방,2611000000,부산중구
9804000000,기타지방,2614000000,부산서구
9804000000,기타지방,2617000000,부산동구
9804000000,기타지방,2620000000,부산영도구
9804000000,기타지방,2623000000,부산부산진구
9804000000,기타지방,2626000000,부산동래구
9804000000,기타지방,2629000000,부산남구
9804000000,기타지방,2632000000,부산북구
9804000000,기타지방,2635000000,부산해운대구
9804000000,기타지방,2638000000,부산사하구
9804000000,기타지방,2641000000,부산금정구
9804000000,기타지방,2647000000,부산연제구
9804000000,기타지방,2650000000,부산수영구
9804000000,기타지방,2653000000,부산사상구
9804000000,기타지방,2671000000,부산기장군
9804000000,기타지방,2644000000,부산강서구
9804000000,기타지방,2711000000,대구중구
9804000000,기타지방,2714000000,대구동구
9804000000,기타지방,2717000000,대구서구
9804000000,기타지방,2720000000,대구남구
9804000000,기타지방,2723000000,대구북구
9804000000,기타지방,2726000000,대구수성구
9804000000,기타지방,2729000000,대구달서구
9804000000,기타지방,2771000000,대구달성군
9804000000,기타지방,2911000000,광주동구
9804000000,기타지방,2914000000,광주서구
9804000000,기타지방,2915500000,광주남구
9804000000,기타지방,2917000000,광주북구
9804000000,기타지방,2920000000,광주광산구
9804000000,기타지방,3011000000,대전동구
9804000000,기타지방,3014000000,대전중구
9804000000,기타지방,3017000000,대전서구
9804000000,기타지방,3020000000,대전유성구
9804000000,기타지방,3023000000,대전대덕구
9804000000,기타지방,3111000000,울산중구
9804000000,기타지방,3114000000,울산남구
9804000000,기타지방,3117000000,울산동구
9804000000,기타지방,3120000000,울산북구
9804000000,기타지방,3171000000,울산울주군
9804000000,기타지방,4211000000,춘천
9804000000,기타지방,4215000000,강릉
9804000000,기타지방,4213000000,원주
9804000000,기타지방,4311000000,청주
9804000000,기타지방,4311100000,청주상당구
9804000000,기타지방,4311200000,청주서원구
9804000000,기타지방,4311400000,청주청원구
9804000000,기타지방,4311300000,청주흥덕구
9804000000,기타지방,4313000000,충주
9804000000,기타지방,4315000000,제천
9804000000,기타지방,4413000000,천안
9804000000,기타지방,4413100000,천안동남구
9804000000,기타지방,4413300000,천안서북구
9804000000,기타지방,4415000000,공주
9804000000,기타지방,4420000000,아산
9804000000,기타지방,4423000000,논산
9804000000,기타지방,4425000000,계룡
9804000000,기타지방,4427000000,당진
9804000000,기타지방,4421000000,서산
9804000000,기타지방,4511000000,전주
9804000000,기타지방,4511100000,전주완산구
9804000000,기타지방,4511300000,전주덕진구
9804000000,기타지방,4514000000,익산
9804000000,기타지방,4513000000,군산
9804000000,기타지방,4611000000,목포
9804000000,기타지방,4615000000,순천
9804000000,기타지방,4623000000,광양
9804000000,기타지방,4613000000,여수
9804000000,기타지방,4711000000,포항
9804000000,기타지방,4711100000,포항남구
9804000000,기타지방,4711300000,포항북구
9804000000,기타지방,4715000000,김천
9804000000,기타지방,4719000000,구미
9804000000,기타지방,4729000000,경산
9804000000,기타지방,4717000000,안동
9804000000,기타지방,4812000000,창원
9804000000,기타지방,4812500000,창원마산합포구
9804000000,기타지방,4812700000,창원마산회원구
9804000000,기타지방,4812300000,창원성산구
9804000000,기타지방,4812100000,창원의창구
9804000000,기타지방,4812900000,창원진해구
9804000000,기타지방,4833000000,양산
9804000000,기타지방,4831000000,거제
9804000000,기타지방,4817000000,진주
9804000000,기타지방,4825000000,김해
9804000000,기타지방,4822000000,통영
